,file_name,ind,altitude.raw,TL.px,HF.px,HD.px,image_width,notes,image_path
1,Gal2023_DJIMini2_20230201_130107.MP4_00_03_55_vlc00001.png,1,27.2,709.13,281.81,514.13,1920,male,D:/Gal2023_Drone/Galapagos2023_Drone_Snapshots/SpermWhale_AgeSex_Snapshots/20230201/Gal2023_DJIMini2_20230201_130107/ind1/Gal2023_DJIMini2_20230201_130107.MP4_00_03_55_vlc00001.png
2,Gal2023_DJIMini2_20230201_130107_120.120.png,1,28.9,669.83,273.56,460.86,1920,,D:/Gal2023_Drone/Galapagos2023_Drone_Snapshots/SpermWhale_AgeSex_Snapshots/20230201/Gal2023_DJIMini2_20230201_130107/Gal2023_DJIMini2_20230201_130107_120.120.png
3,Gal2023_DJIMini2_20230201_130107_174.541.png,1,24.1,819.15,329.29,577.31,1920,,D:/Gal2023_Drone/Galapagos2023_Drone_Snapshots/SpermWhale_AgeSex_Snapshots/20230201/Gal2023_DJIMini2_20230201_130107/Gal2023_DJIMini2_20230201_130107_174.541.png
4,Gal2023_DJIMini2_20230201_135502.MP4_00_03_26_vlc00002.png,1,24.3,786.94,326.22,566.95,1920,male,D:/Gal2023_Drone/Galapagos2023_Drone_Snapshots/SpermWhale_AgeSex_Snapshots/20230201/Gal2023_DJIMini2_20230201_135502/ind1/Gal2023_DJIMini2_20230201_135502.MP4_00_03_26_vlc00002.png
5,Gal2023_DJIMini2_20230201_135502_244.377.png,1,24.1,811.11,325.46,568.59,1920,,D:/Gal2023_Drone/Galapagos2023_Drone_Snapshots/SpermWhale_AgeSex_Snapshots/20230201/Gal2023_DJIMini2_20230201_135502/ind1/Gal2023_DJIMini2_20230201_135502_244.377.png
6,Gal2023_DJIMini2_20230201_135502_330.497.png,1,28.3,676.18,269.8,477.97,1920,,D:/Gal2023_Drone/Galapagos2023_Drone_Snapshots/SpermWhale_AgeSex_Snapshots/20230201/Gal2023_DJIMini2_20230201_135502/ind1/Gal2023_DJIMini2_20230201_135502_330.497.png
7,Gal2023_DJIMini2_20230201_154208.MP4_00_00_49_vlc00003.png,1,24,787.66,314.33,556.29,1920,male,D:/Gal2023_Drone/Galapagos2023_Drone_Snapshots/SpermWhale_AgeSex_Snapshots/20230201/Gal2023_DJIMini2_20230201_154208/ind1/Gal2023_DJIMini2_20230201_154208.MP4_00_00_49_vlc00003.png
8,Gal2023_DJIMini2_20230201_154208_61.929.png,1,24.1,774.4,312.75,545.11,1920,,D:/Gal2023_Drone/Galapagos2023_Drone_Snapshots/SpermWhale_AgeSex_Snapshots/20230201/Gal2023_DJIMini2_20230201_154208/ind1/Gal2023_DJIMini2_20230201_154208_61.929.png
9,Gal2023_DJIMini2_20230201_182219.MP4_00_03_28_vlc00001.png,1,32,678.53,271,475.45,1920,male,D:/Gal2023_Drone/Galapagos2023_Drone_Snapshots/SpermWhale_AgeSex_Snapshots/20230201/Gal2023_DJIMini2_20230201_182219/ind1/Gal2023_DJIMini2_20230201_182219.MP4_00_03_28_vlc00001.png
10,Gal2023_DJIMini2_20230201_182219_235.802.png,1,31.6,672.9,254.25,443.25,1920,,D:/Gal2023_Drone/Galapagos2023_Drone_Snapshots/SpermWhale_AgeSex_Snapshots/20230201/Gal2023_DJIMini2_20230201_182219/Gal2023_DJIMini2_20230201_182219_235.802.png
11,Gal2023_DJIMini2_20230201_182219_67.568.png,1,34.2,647.63,252.66,449.9,1920,,D:/Gal2023_Drone/Galapagos2023_Drone_Snapshots/SpermWhale_AgeSex_Snapshots/20230201/Gal2023_DJIMini2_20230201_182219/Gal2023_DJIMini2_20230201_182219_67.568.png
12,Gal2023_DJIMini2_20230208_084058_112.779.png,1,27.5,740.65,NA,511.33,1920,,D:/Gal2023_Drone/Galapagos2023_Drone_Snapshots/SpermWhale_AgeSex_Snapshots/20230208/Gal2023_DJIMini2_20230208_084058_112.779.png
13,Gal2023_DJIMini2_20230208_084058_138.005.png,1,26.6,788.9,NA,544.47,1920,,D:/Gal2023_Drone/Galapagos2023_Drone_Snapshots/SpermWhale_AgeSex_Snapshots/20230208/Gal2023_DJIMini2_20230208_084058_138.005.png
14,Gal2023_DJIMini2_20230215_093319.MP4_00_01_39_vlc00002.png,1,23.6,580.95,176.55,370.24,1920,aj,D:/Gal2023_Drone/Galapagos2023_Drone_Snapshots/SpermWhale_AgeSex_Snapshots/20230215/Gal2023_DJIMini2_20230215_093319/Gal2023_DJIMini2_20230215_093319.MP4_00_01_39_vlc00002.png
15,Gal2023_DJIMini2_20230215_093319_107.574.png,1,20.5,646.6,NA,423.62,1920,,D:/Gal2023_Drone/Galapagos2023_Drone_Snapshots/SpermWhale_AgeSex_Snapshots/20230215/Gal2023_DJIMini2_20230215_093319/Gal2023_DJIMini2_20230215_093319_107.574.png
16,Gal2023_DJIMini2_20230215_093319_150.984.png,1,17.6,716.76,NA,457.99,1920,,D:/Gal2023_Drone/Galapagos2023_Drone_Snapshots/SpermWhale_AgeSex_Snapshots/20230215/Gal2023_DJIMini2_20230215_093319/Gal2023_DJIMini2_20230215_093319_150.984.png
17,Gal2023_DJIMini2_20230215_094557.MP4_00_02_04_vlc00005.png,1,28.3,503.8,156.05,326.85,1920,aj,D:/Gal2023_Drone/Galapagos2023_Drone_Snapshots/SpermWhale_AgeSex_Snapshots/20230215/Gal2023_DJIMini2_20230215_094557/Gal2023_DJIMini2_20230215_094557.MP4_00_02_04_vlc00005.png
18,Gal2023_DJIMini2_20230215_094557_135.335.png,1,22.4,587.9,203.59,377.01,1920,,D:/Gal2023_Drone/Galapagos2023_Drone_Snapshots/SpermWhale_AgeSex_Snapshots/20230215/Gal2023_DJIMini2_20230215_094557/Gal2023_DJIMini2_20230215_094557_135.335.png
19,Gal2023_DJIMini2_20230215_094557_70.938.png,1,28.2,542.17,171.39,354.5,1920,,D:/Gal2023_Drone/Galapagos2023_Drone_Snapshots/SpermWhale_AgeSex_Snapshots/20230215/Gal2023_DJIMini2_20230215_094557/Gal2023_DJIMini2_20230215_094557_70.938.png
20,Gal2023_DJIMini2_20230215_094557.MP4_00_02_04_vlc00005.png,2,28.3,340.65,98.11,212.63,1920,cj,D:/Gal2023_Drone/Galapagos2023_Drone_Snapshots/SpermWhale_AgeSex_Snapshots/20230215/Gal2023_DJIMini2_20230215_094557/Gal2023_DJIMini2_20230215_094557.MP4_00_02_04_vlc00005.png
21,Gal2023_DJIMini2_20230215_094557_155.355.png,2,16.6,535.35,NA,342.9,1920,,D:/Gal2023_Drone/Galapagos2023_Drone_Snapshots/SpermWhale_AgeSex_Snapshots/20230215/Gal2023_DJIMini2_20230215_094557/Gal2023_DJIMini2_20230215_094557_155.355.png
22,Gal2023_DJIMini2_20230215_094557_249.516.png,2,17,555.97,152.8,363.13,1920,,D:/Gal2023_Drone/Galapagos2023_Drone_Snapshots/SpermWhale_AgeSex_Snapshots/20230215/Gal2023_DJIMini2_20230215_094557/Gal2023_DJIMini2_20230215_094557_249.516.png
23,Gal2023_DJIMini2_20230215_101509.MP4_00_06_40_vlc00001.png,1,25.4,559.88,NA,364.86,1920,aj,D:/Gal2023_Drone/Galapagos2023_Drone_Snapshots/SpermWhale_AgeSex_Snapshots/20230215/Gal2023_DJIMini2_20230215_101509/Gal2023_DJIMini2_20230215_101509.MP4_00_06_40_vlc00001.png
24,Gal2023_DJIMini2_20230215_101509_271.905.png,1,44.1,327.5,NA,209.1,1920,,D:/Gal2023_Drone/Galapagos2023_Drone_Snapshots/SpermWhale_AgeSex_Snapshots/20230215/Gal2023_DJIMini2_20230215_101509/Gal2023_DJIMini2_20230215_101509_271.905.png
25,Gal2023_DJIMini2_20230215_145125.MP4_00_09_30_vlc00007.png,1,30.5,522.33,165.54,345.87,1920,aj,D:/Gal2023_Drone/Galapagos2023_Drone_Snapshots/SpermWhale_AgeSex_Snapshots/20230215/Gal2023_DJIMini2_20230215_145125/Gal2023_DJIMini2_20230215_145125.MP4_00_09_30_vlc00007.png
26,Gal2023_DJIMini2_20230215_145125_367.767.png,1,29.6,531.32,154.73,351.13,1920,,D:/Gal2023_Drone/Galapagos2023_Drone_Snapshots/SpermWhale_AgeSex_Snapshots/20230215/Gal2023_DJIMini2_20230215_145125/Gal2023_DJIMini2_20230215_145125_367.767.png
27,Gal2023_DJIMini2_20230215_145125_542.509.png,1,30,538.02,172.41,352.81,1920,,D:/Gal2023_Drone/Galapagos2023_Drone_Snapshots/SpermWhale_AgeSex_Snapshots/20230215/Gal2023_DJIMini2_20230215_145125/Gal2023_DJIMini2_20230215_145125_542.509.png
28,Gal2023_DJIMini2_20230215_145125.MP4_00_09_30_vlc00007.png,2,30.5,491.31,133.82,323.01,1920,"cj
",D:/Gal2023_Drone/Galapagos2023_Drone_Snapshots/SpermWhale_AgeSex_Snapshots/20230215/Gal2023_DJIMini2_20230215_145125/Gal2023_DJIMini2_20230215_145125.MP4_00_09_30_vlc00007.png
29,Gal2023_DJIMini2_20230215_145125_489.756.png,2,11,1284.66,386.25,857.05,1920,,D:/Gal2023_Drone/Galapagos2023_Drone_Snapshots/SpermWhale_AgeSex_Snapshots/20230215/Gal2023_DJIMini2_20230215_145125/Gal2023_DJIMini2_20230215_145125_489.756.png
30,Gal2023_DJIMini2_20230215_145125_542.509.png,2,30,498.78,144.28,327.79,1920,,D:/Gal2023_Drone/Galapagos2023_Drone_Snapshots/SpermWhale_AgeSex_Snapshots/20230215/Gal2023_DJIMini2_20230215_145125/Gal2023_DJIMini2_20230215_145125_542.509.png
31,Gal2023_DJIMini2_20230215_152449.MP4_00_03_05_vlc00003.png,1,31.2,518.37,151.37,342.91,1920,"aj
",D:/Gal2023_Drone/Galapagos2023_Drone_Snapshots/SpermWhale_AgeSex_Snapshots/20230215/Gal2023_DJIMini2_20230215_152449/ind1/Gal2023_DJIMini2_20230215_152449.MP4_00_03_05_vlc00003.png
32,Gal2023_DJIMini2_20230215_152449_230.330.png,1,31.1,518,164.65,340.6,1920,,D:/Gal2023_Drone/Galapagos2023_Drone_Snapshots/SpermWhale_AgeSex_Snapshots/20230215/Gal2023_DJIMini2_20230215_152449/Gal2023_DJIMini2_20230215_152449_230.330.png
33,Gal2023_DJIMini2_20230215_152449_414.915.png,1,31.4,504.73,NA,332.78,1920,,D:/Gal2023_Drone/Galapagos2023_Drone_Snapshots/SpermWhale_AgeSex_Snapshots/20230215/Gal2023_DJIMini2_20230215_152449/Gal2023_DJIMini2_20230215_152449_414.915.png
34,Gal2023_DJIMini2_20230215_152449.MP4_00_06_54_vlc00005.png,2,31.4,467.45,132.95,306.35,1920,"aj
",D:/Gal2023_Drone/Galapagos2023_Drone_Snapshots/SpermWhale_AgeSex_Snapshots/20230215/Gal2023_DJIMini2_20230215_152449/ind2/Gal2023_DJIMini2_20230215_152449.MP4_00_06_54_vlc00005.png
35,Gal2023_DJIMini2_20230215_152449_414.915.png,2,31.4,467.81,132.44,310.96,1920,,D:/Gal2023_Drone/Galapagos2023_Drone_Snapshots/SpermWhale_AgeSex_Snapshots/20230215/Gal2023_DJIMini2_20230215_152449/Gal2023_DJIMini2_20230215_152449_414.915.png
36,Gal2023_DJIMini2_20230215_152449_445.612.png,2,31.3,486.72,143.09,316.39,1920,,D:/Gal2023_Drone/Galapagos2023_Drone_Snapshots/SpermWhale_AgeSex_Snapshots/20230215/Gal2023_DJIMini2_20230215_152449/Gal2023_DJIMini2_20230215_152449_445.612.png
37,Gal2023_DJIMini2_20230215_155136_106.873.png,1,13.9,933.45,315.26,611.65,1920,,D:/Gal2023_Drone/Galapagos2023_Drone_Snapshots/SpermWhale_AgeSex_Snapshots/20230215/Gal2023_DJIMini2_20230215_155136/Gal2023_DJIMini2_20230215_155136_106.873.png
38,Gal2023_DJIMini2_20230215_155136_126.059.png,1,10.8,1043.62,320.15,674.81,1920,,D:/Gal2023_Drone/Galapagos2023_Drone_Snapshots/SpermWhale_AgeSex_Snapshots/20230215/Gal2023_DJIMini2_20230215_155136/Gal2023_DJIMini2_20230215_155136_126.059.png
39,Gal2023_DJIMini2_20230215_155136_88.689.png,1,21.9,607.22,201.07,421.05,1920,aj,D:/Gal2023_Drone/Galapagos2023_Drone_Snapshots/SpermWhale_AgeSex_Snapshots/20230215/Gal2023_DJIMini2_20230215_155136/ind1/Gal2023_DJIMini2_20230215_155136_88.689.png
40,Gal2023_DJIMini2_20230215_174209_130.163.png,1,34.9,443.86,NA,291.24,1920,,D:/Gal2023_Drone/Galapagos2023_Drone_Snapshots/SpermWhale_AgeSex_Snapshots/20230215/Gal2023_DJIMini2_20230215_174209/Gal2023_DJIMini2_20230215_174209_130.163.png
41,Gal2023_DJIMini2_20230215_174209_58.258.png,1,35.5,423.85,138.66,271.86,1920,aj,D:/Gal2023_Drone/Galapagos2023_Drone_Snapshots/SpermWhale_AgeSex_Snapshots/20230215/Gal2023_DJIMini2_20230215_174209/ind1/Gal2023_DJIMini2_20230215_174209_58.258.png
42,Gal2023_DJIMini2_20230215_174209_96.763.png,1,34.8,449.16,145.21,298.29,1920,,D:/Gal2023_Drone/Galapagos2023_Drone_Snapshots/SpermWhale_AgeSex_Snapshots/20230215/Gal2023_DJIMini2_20230215_174209/Gal2023_DJIMini2_20230215_174209_96.763.png
43,Gal2023_DJIMini2_20230215_174209_130.163.png,2,34.9,374.42,119.39,243.96,1920,,D:/Gal2023_Drone/Galapagos2023_Drone_Snapshots/SpermWhale_AgeSex_Snapshots/20230215/Gal2023_DJIMini2_20230215_174209/Gal2023_DJIMini2_20230215_174209_130.163.png
44,Gal2023_DJIMini2_20230215_174209_434.501.png,2,20.8,579.49,205.2,375.84,1920,aj,D:/Gal2023_Drone/Galapagos2023_Drone_Snapshots/SpermWhale_AgeSex_Snapshots/20230215/Gal2023_DJIMini2_20230215_174209/ind2/Gal2023_DJIMini2_20230215_174209_434.501.png
45,Gal2023_DJIMini2_20230215_174209_96.763.png,2,34.8,380.21,NA,246.59,1920,,D:/Gal2023_Drone/Galapagos2023_Drone_Snapshots/SpermWhale_AgeSex_Snapshots/20230215/Gal2023_DJIMini2_20230215_174209/Gal2023_DJIMini2_20230215_174209_96.763.png
46,Gal2023_DJIMini2_20230215_174209_126.860.png,3,35.1,382.87,109.41,254.9,1920,aj,D:/Gal2023_Drone/Galapagos2023_Drone_Snapshots/SpermWhale_AgeSex_Snapshots/20230215/Gal2023_DJIMini2_20230215_174209/ind3/Gal2023_DJIMini2_20230215_174209_126.860.png
47,Gal2023_DJIMini2_20230215_174209_130.163.png,3,34.9,389.99,113.97,267.04,1920,,D:/Gal2023_Drone/Galapagos2023_Drone_Snapshots/SpermWhale_AgeSex_Snapshots/20230215/Gal2023_DJIMini2_20230215_174209/Gal2023_DJIMini2_20230215_174209_130.163.png
48,Gal2023_DJIMini2_20230215_174209_73.874.png,3,35.4,366.74,109.91,252.13,1920,,D:/Gal2023_Drone/Galapagos2023_Drone_Snapshots/SpermWhale_AgeSex_Snapshots/20230215/Gal2023_DJIMini2_20230215_174209/Gal2023_DJIMini2_20230215_174209_73.874.png
49,Gal2023_DJIMini2_20230215_175516_271.705.png,1,20,577.37,NA,375.79,1920,,D:/Gal2023_Drone/Galapagos2023_Drone_Snapshots/SpermWhale_AgeSex_Snapshots/20230215/Gal2023_DJIMini2_20230215_175516/Gal2023_DJIMini2_20230215_175516_271.705.png
50,Gal2023_DJIMini2_20230215_175516_272.472.png,1,19.9,575.75,179.84,376.11,1920,aj,D:/Gal2023_Drone/Galapagos2023_Drone_Snapshots/SpermWhale_AgeSex_Snapshots/20230215/Gal2023_DJIMini2_20230215_175516/ind1/Gal2023_DJIMini2_20230215_175516_272.472.png
51,Gal2023_DJIMini2_20230215_175516_300.867.png,1,20,591.38,NA,367.48,1920,,D:/Gal2023_Drone/Galapagos2023_Drone_Snapshots/SpermWhale_AgeSex_Snapshots/20230215/Gal2023_DJIMini2_20230215_175516/Gal2023_DJIMini2_20230215_175516_300.867.png
52,Gal2023_DJIMini2_20230215_175516_271.705.png,2,19.9,463.02,NA,294.33,1920,,D:/Gal2023_Drone/Galapagos2023_Drone_Snapshots/SpermWhale_AgeSex_Snapshots/20230215/Gal2023_DJIMini2_20230215_175516/Gal2023_DJIMini2_20230215_175516_271.705.png
53,Gal2023_DJIMini2_20230215_175516_287.254.png,2,20,453.3,NA,287.24,1920,"cj
",D:/Gal2023_Drone/Galapagos2023_Drone_Snapshots/SpermWhale_AgeSex_Snapshots/20230215/Gal2023_DJIMini2_20230215_175516/ind2/Gal2023_DJIMini2_20230215_175516_287.254.png
54,Gal2023_DJIMini2_20230215_175516_318.185.png,2,19.8,452.56,NA,281.44,1920,,D:/Gal2023_Drone/Galapagos2023_Drone_Snapshots/SpermWhale_AgeSex_Snapshots/20230215/Gal2023_DJIMini2_20230215_175516/Gal2023_DJIMini2_20230215_175516_318.185.png
55,Gal2023_DJIMini2_20230216_093838_34.301.png,1,25.2,555.67,179.87,359.96,1920,aj,D:/Gal2023_Drone/Galapagos2023_Drone_Snapshots/SpermWhale_AgeSex_Snapshots/20230216/Gal2023_DJIMini2_20230216_093838_34.301.png
56,Gal2023_DJIMini2_20230216_093838_37.571.png,1,24.3,568.2,190.26,370.43,1920,aj,D:/Gal2023_Drone/Galapagos2023_Drone_Snapshots/SpermWhale_AgeSex_Snapshots/20230216/Gal2023_DJIMini2_20230216_093838_37.571.png
57,Gal2023_DJIMini2_20230216_093838_34.301.png,2,25.2,611.29,191.03,407.65,1920,aj,D:/Gal2023_Drone/Galapagos2023_Drone_Snapshots/SpermWhale_AgeSex_Snapshots/20230216/Gal2023_DJIMini2_20230216_093838_34.301.png
58,Gal2023_DJIMini2_20230216_093838_37.571.png,2,24.3,643.84,200.8,416.29,1920,aj,D:/Gal2023_Drone/Galapagos2023_Drone_Snapshots/SpermWhale_AgeSex_Snapshots/20230216/Gal2023_DJIMini2_20230216_093838_37.571.png
59,Gal2023_DJIMini2_20230217_150226_107.941.png,1,126.9,112.34,NA,72.64,1920,aj,D:/Gal2023_Drone/Galapagos2023_Drone_Snapshots/SpermWhale_AgeSex_Snapshots/20230217/Gal2023_DJIMini2_20230217_150226/Gal2023_DJIMini2_20230217_150226_107.941.png
60,Gal2023_DJIMini2_20230217_150226_85.986.png,1,111.3,129.72,NA,82.84,1920,aj,D:/Gal2023_Drone/Galapagos2023_Drone_Snapshots/SpermWhale_AgeSex_Snapshots/20230217/Gal2023_DJIMini2_20230217_150226/Gal2023_DJIMini2_20230217_150226_85.986.png
61,Gal2023_DJIMini2_20230217_150226_107.941.png,2,126.9,111.23,NA,72.58,1920,aj,D:/Gal2023_Drone/Galapagos2023_Drone_Snapshots/SpermWhale_AgeSex_Snapshots/20230217/Gal2023_DJIMini2_20230217_150226/Gal2023_DJIMini2_20230217_150226_107.941.png
62,Gal2023_DJIMini2_20230217_150226_85.986.png,2,111.3,127.84,NA,78.58,1920,aj,D:/Gal2023_Drone/Galapagos2023_Drone_Snapshots/SpermWhale_AgeSex_Snapshots/20230217/Gal2023_DJIMini2_20230217_150226/Gal2023_DJIMini2_20230217_150226_85.986.png
63,Gal2023_DJIMini2_20230217_150226_107.941.png,3,126.9,126.71,NA,79.34,1920,aj,D:/Gal2023_Drone/Galapagos2023_Drone_Snapshots/SpermWhale_AgeSex_Snapshots/20230217/Gal2023_DJIMini2_20230217_150226/Gal2023_DJIMini2_20230217_150226_107.941.png
64,Gal2023_DJIMini2_20230217_150226_85.986.png,3,111.3,143.14,NA,87.48,1920,aj,D:/Gal2023_Drone/Galapagos2023_Drone_Snapshots/SpermWhale_AgeSex_Snapshots/20230217/Gal2023_DJIMini2_20230217_150226/Gal2023_DJIMini2_20230217_150226_85.986.png
65,Gal2023_DJIMini2_20230217_150226_107.941.png,4,126.9,115.43,31.61,72.44,1920,aj,D:/Gal2023_Drone/Galapagos2023_Drone_Snapshots/SpermWhale_AgeSex_Snapshots/20230217/Gal2023_DJIMini2_20230217_150226/Gal2023_DJIMini2_20230217_150226_107.941.png
66,Gal2023_DJIMini2_20230217_150226_85.986.png,4,111.3,130.98,37.82,85.53,1920,aj,D:/Gal2023_Drone/Galapagos2023_Drone_Snapshots/SpermWhale_AgeSex_Snapshots/20230217/Gal2023_DJIMini2_20230217_150226/Gal2023_DJIMini2_20230217_150226_85.986.png
67,Gal2023_DJIMini2_20230217_150226_85.986.png,5,126.9,139.11,NA,91.4,1920,aj,D:/Gal2023_Drone/Galapagos2023_Drone_Snapshots/SpermWhale_AgeSex_Snapshots/20230217/Gal2023_DJIMini2_20230217_150226/Gal2023_DJIMini2_20230217_150226_85.986.png
68,Gal2023_DJIMini2_20230217_152121_191.491.png,1,120.5,112.85,NA,71.9,1920,aj,D:/Gal2023_Drone/Galapagos2023_Drone_Snapshots/SpermWhale_AgeSex_Snapshots/20230217/Gal2023_DJIMini2_20230217_152121/Gal2023_DJIMini2_20230217_152121_191.491.png
69,Gal2023_DJIMini2_20230217_152121_195.662.png,1,120.8,114.68,NA,66.9,1920,aj,D:/Gal2023_Drone/Galapagos2023_Drone_Snapshots/SpermWhale_AgeSex_Snapshots/20230217/Gal2023_DJIMini2_20230217_152121/Gal2023_DJIMini2_20230217_152121_195.662.png
70,Gal2023_DJIMini2_20230217_152121_207.474.png,1,120.7,116.15,NA,71.28,1920,aj,D:/Gal2023_Drone/Galapagos2023_Drone_Snapshots/SpermWhale_AgeSex_Snapshots/20230217/Gal2023_DJIMini2_20230217_152121/Gal2023_DJIMini2_20230217_152121_207.474.png
71,Gal2023_DJIMini2_20230217_152121_191.491.png,2,120.5,125.35,NA,81.18,1920,aj,D:/Gal2023_Drone/Galapagos2023_Drone_Snapshots/SpermWhale_AgeSex_Snapshots/20230217/Gal2023_DJIMini2_20230217_152121/Gal2023_DJIMini2_20230217_152121_191.491.png
72,Gal2023_DJIMini2_20230217_152121_195.662.png,2,120.8,125.68,NA,79.96,1920,aj,D:/Gal2023_Drone/Galapagos2023_Drone_Snapshots/SpermWhale_AgeSex_Snapshots/20230217/Gal2023_DJIMini2_20230217_152121/Gal2023_DJIMini2_20230217_152121_195.662.png
73,Gal2023_DJIMini2_20230217_152121_207.474.png,2,120.7,123.48,NA,62.1,1920,aj,D:/Gal2023_Drone/Galapagos2023_Drone_Snapshots/SpermWhale_AgeSex_Snapshots/20230217/Gal2023_DJIMini2_20230217_152121/Gal2023_DJIMini2_20230217_152121_207.474.png
74,Gal2023_DJIMini2_20230217_152121_344.244.png,3,38.1,408.84,126.9,265.41,1920,aj,D:/Gal2023_Drone/Galapagos2023_Drone_Snapshots/SpermWhale_AgeSex_Snapshots/20230217/Gal2023_DJIMini2_20230217_152121/Gal2023_DJIMini2_20230217_152121_344.244.png
75,Gal2023_DJIMini2_20230217_152121_350.584.png,3,37.8,407.84,118.51,264.69,1920,aj,D:/Gal2023_Drone/Galapagos2023_Drone_Snapshots/SpermWhale_AgeSex_Snapshots/20230217/Gal2023_DJIMini2_20230217_152121/Gal2023_DJIMini2_20230217_152121_350.584.png
76,Gal2023_DJIMini2_20230217_152121_363.129.png,3,37.8,442.47,130.51,283.09,1920,aj,D:/Gal2023_Drone/Galapagos2023_Drone_Snapshots/SpermWhale_AgeSex_Snapshots/20230217/Gal2023_DJIMini2_20230217_152121/Gal2023_DJIMini2_20230217_152121_363.129.png
77,Gal2023_DJIMini2_20230217_152121_378.445.png,4,31.4,476.21,138.78,304.05,1920,aj,D:/Gal2023_Drone/Galapagos2023_Drone_Snapshots/SpermWhale_AgeSex_Snapshots/20230217/Gal2023_DJIMini2_20230217_152121/Gal2023_DJIMini2_20230217_152121_378.445.png
78,Gal2023_DJIMini2_20230217_152121_388.755.png,4,30.2,503.79,145,312.28,1920,aj,D:/Gal2023_Drone/Galapagos2023_Drone_Snapshots/SpermWhale_AgeSex_Snapshots/20230217/Gal2023_DJIMini2_20230217_152121/Gal2023_DJIMini2_20230217_152121_388.755.png
79,Gal2023_DJIMini2_20230217_152121_405.572.png,4,30.4,503,NA,318.34,1920,aj,D:/Gal2023_Drone/Galapagos2023_Drone_Snapshots/SpermWhale_AgeSex_Snapshots/20230217/Gal2023_DJIMini2_20230217_152121/Gal2023_DJIMini2_20230217_152121_405.572.png
80,Gal2023_DJIMini2_20230217_154240_278.411.png,1,50.6,295.32,NA,195.7,1920,aj,D:/Gal2023_Drone/Galapagos2023_Drone_Snapshots/SpermWhale_AgeSex_Snapshots/20230217/Gal2023_DJIMini2_20230217_154240/Gal2023_DJIMini2_20230217_154240_278.411.png
81,Gal2023_DJIMini2_20230217_154240_301.468.png,1,50.7,294.66,NA,191.98,1920,aj,D:/Gal2023_Drone/Galapagos2023_Drone_Snapshots/SpermWhale_AgeSex_Snapshots/20230217/Gal2023_DJIMini2_20230217_154240/Gal2023_DJIMini2_20230217_154240_301.468.png
82,Gal2023_DJIMini2_20230217_154240_338.672.png,1,50.6,301.87,NA,192.55,1920,aj,D:/Gal2023_Drone/Galapagos2023_Drone_Snapshots/SpermWhale_AgeSex_Snapshots/20230217/Gal2023_DJIMini2_20230217_154240/Gal2023_DJIMini2_20230217_154240_338.672.png
83,Gal2023_DJIMini2_20230217_155721_488.355.png,1,121,121.57,42.9,78.72,1920,aj,D:/Gal2023_Drone/Galapagos2023_Drone_Snapshots/SpermWhale_AgeSex_Snapshots/20230217/Gal2023_DJIMini2_20230217_155721/Gal2023_DJIMini2_20230217_155721_488.355.png
84,Gal2023_DJIMini2_20230217_155721_535.935.png,1,67.8,216.57,62.67,140.97,1920,aj,D:/Gal2023_Drone/Galapagos2023_Drone_Snapshots/SpermWhale_AgeSex_Snapshots/20230217/Gal2023_DJIMini2_20230217_155721/Gal2023_DJIMini2_20230217_155721_535.935.png
85,Gal2023_DJIMini2_20230217_155721_548.281.png,1,44.2,310.65,89.3,199.93,1920,aj,D:/Gal2023_Drone/Galapagos2023_Drone_Snapshots/SpermWhale_AgeSex_Snapshots/20230217/Gal2023_DJIMini2_20230217_155721/Gal2023_DJIMini2_20230217_155721_548.281.png
86,Gal2023_DJIMini2_20230217_155721_488.355.png,2,121,108.7,NA,71.22,1920,aj,D:/Gal2023_Drone/Galapagos2023_Drone_Snapshots/SpermWhale_AgeSex_Snapshots/20230217/Gal2023_DJIMini2_20230217_155721/Gal2023_DJIMini2_20230217_155721_488.355.png
87,Gal2023_DJIMini2_20230217_155721_535.935.png,2,67.8,196.6,NA,126.03,1920,aj,D:/Gal2023_Drone/Galapagos2023_Drone_Snapshots/SpermWhale_AgeSex_Snapshots/20230217/Gal2023_DJIMini2_20230217_155721/Gal2023_DJIMini2_20230217_155721_535.935.png
88,Gal2023_DJIMini2_20230217_155721_548.281.png,2,44.2,287.54,88.96,188.78,1920,aj,D:/Gal2023_Drone/Galapagos2023_Drone_Snapshots/SpermWhale_AgeSex_Snapshots/20230217/Gal2023_DJIMini2_20230217_155721/Gal2023_DJIMini2_20230217_155721_548.281.png
89,Gal2023_DJIMini2_20230217_161415_100.601.png,1,122.2,98.66,30.52,62.79,1920,aj,D:/Gal2023_Drone/Galapagos2023_Drone_Snapshots/SpermWhale_AgeSex_Snapshots/20230217/Gal2023_DJIMini2_20230217_161415/Gal2023_DJIMini2_20230217_161415_100.601.png
90,Gal2023_DJIMini2_20230217_161415_147.514.png,1,121.3,100.6,NA,62.36,1920,aj,D:/Gal2023_Drone/Galapagos2023_Drone_Snapshots/SpermWhale_AgeSex_Snapshots/20230217/Gal2023_DJIMini2_20230217_161415/Gal2023_DJIMini2_20230217_161415_147.514.png
91,Gal2023_DJIMini2_20230217_161415_295.295.png,1,53.5,221.7,63.77,141.02,1920,cj,D:/Gal2023_Drone/Galapagos2023_Drone_Snapshots/SpermWhale_AgeSex_Snapshots/20230217/Gal2023_DJIMini2_20230217_161415/Gal2023_DJIMini2_20230217_161415_295.295.png
92,Gal2023_DJIMini2_20230217_161415_93.427.png,1,122.3,99.14,NA,61.5,1920,aj,D:/Gal2023_Drone/Galapagos2023_Drone_Snapshots/SpermWhale_AgeSex_Snapshots/20230217/Gal2023_DJIMini2_20230217_161415/Gal2023_DJIMini2_20230217_161415_93.427.png
93,Gal2023_DJIMini2_20230217_161415_113.780.png,2,122.2,123.7,38.38,78.3,1920,aj,D:/Gal2023_Drone/Galapagos2023_Drone_Snapshots/SpermWhale_AgeSex_Snapshots/20230217/Gal2023_DJIMini2_20230217_161415/Gal2023_DJIMini2_20230217_161415_113.780.png
94,Gal2023_DJIMini2_20230217_161415_177.577.png,2,120.4,124.91,NA,83.16,1920,aj,D:/Gal2023_Drone/Galapagos2023_Drone_Snapshots/SpermWhale_AgeSex_Snapshots/20230217/Gal2023_DJIMini2_20230217_161415/Gal2023_DJIMini2_20230217_161415_177.577.png
95,Gal2023_DJIMini2_20230217_161415_194.261.png,2,120.3,121.06,NA,78.99,1920,aj,D:/Gal2023_Drone/Galapagos2023_Drone_Snapshots/SpermWhale_AgeSex_Snapshots/20230217/Gal2023_DJIMini2_20230217_161415/Gal2023_DJIMini2_20230217_161415_194.261.png
96,Gal2023_DJIMini2_20230217_161415_301.868.png,3,50.4,305.78,92.74,203.64,1920,cj,D:/Gal2023_Drone/Galapagos2023_Drone_Snapshots/SpermWhale_AgeSex_Snapshots/20230217/Gal2023_DJIMini2_20230217_161415/Gal2023_DJIMini2_20230217_161415_301.868.png
97,Gal2023_DJIMini2_20230217_161415_317.651.png,3,50.2,307.47,94.09,213.04,1920,cj,D:/Gal2023_Drone/Galapagos2023_Drone_Snapshots/SpermWhale_AgeSex_Snapshots/20230217/Gal2023_DJIMini2_20230217_161415/Gal2023_DJIMini2_20230217_161415_317.651.png
98,Gal2023_DJIMini2_20230217_161415_338.872.png,3,59.7,257.74,77.94,170.81,1920,aj,D:/Gal2023_Drone/Galapagos2023_Drone_Snapshots/SpermWhale_AgeSex_Snapshots/20230217/Gal2023_DJIMini2_20230217_161415/Gal2023_DJIMini2_20230217_161415_338.872.png
99,Gal2023_DJIMini2_20230217_161415_327.460.png,4,50.2,299.4,95.43,205.13,1920,aj,D:/Gal2023_Drone/Galapagos2023_Drone_Snapshots/SpermWhale_AgeSex_Snapshots/20230217/Gal2023_DJIMini2_20230217_161415/Gal2023_DJIMini2_20230217_161415_327.460.png
100,Gal2023_DJIMini2_20230217_161415_338.872.png,4,59.7,253.28,NA,163.58,1920,aj,D:/Gal2023_Drone/Galapagos2023_Drone_Snapshots/SpermWhale_AgeSex_Snapshots/20230217/Gal2023_DJIMini2_20230217_161415/Gal2023_DJIMini2_20230217_161415_338.872.png
101,Gal2023_DJIMini2_20230217_161415_464.297.png,4,116.3,136.33,NA,91.17,1920,aj,D:/Gal2023_Drone/Galapagos2023_Drone_Snapshots/SpermWhale_AgeSex_Snapshots/20230217/Gal2023_DJIMini2_20230217_161415/Gal2023_DJIMini2_20230217_161415_464.297.png
102,Gal2023_DJIMini2_20230217_163227_171.838.png,1,52.1,290.4,87.79,189.97,1920,aj,D:/Gal2023_Drone/Galapagos2023_Drone_Snapshots/SpermWhale_AgeSex_Snapshots/20230217/Gal2023_DJIMini2_20230217_163227/Gal2023_DJIMini2_20230217_163227_171.838.png
103,Gal2023_DJIMini2_20230217_163227_221.555.png,1,91.4,171.23,51,112.58,1920,aj,D:/Gal2023_Drone/Galapagos2023_Drone_Snapshots/SpermWhale_AgeSex_Snapshots/20230217/Gal2023_DJIMini2_20230217_163227/Gal2023_DJIMini2_20230217_163227_221.555.png
104,Gal2023_DJIMini2_20230217_163227_429.329.png,1,29,501.24,151.9,338.13,1920,aj,D:/Gal2023_Drone/Galapagos2023_Drone_Snapshots/SpermWhale_AgeSex_Snapshots/20230217/Gal2023_DJIMini2_20230217_163227/Gal2023_DJIMini2_20230217_163227_429.329.png
105,Gal2023_DJIMini2_20230217_163227_66.934.png,1,125.2,126.92,NA,80.99,1920,aj,D:/Gal2023_Drone/Galapagos2023_Drone_Snapshots/SpermWhale_AgeSex_Snapshots/20230217/Gal2023_DJIMini2_20230217_163227/Gal2023_DJIMini2_20230217_163227_66.934.png
106,Gal2023_DJIMini2_20230217_163227_171.838.png,2,52.1,275.44,79.23,184.55,1920,aj,D:/Gal2023_Drone/Galapagos2023_Drone_Snapshots/SpermWhale_AgeSex_Snapshots/20230217/Gal2023_DJIMini2_20230217_163227/Gal2023_DJIMini2_20230217_163227_171.838.png
107,Gal2023_DJIMini2_20230217_163227_221.555.png,2,91.4,162.93,44.9,106.42,1920,aj,D:/Gal2023_Drone/Galapagos2023_Drone_Snapshots/SpermWhale_AgeSex_Snapshots/20230217/Gal2023_DJIMini2_20230217_163227/Gal2023_DJIMini2_20230217_163227_221.555.png
108,Gal2023_DJIMini2_20230217_163227_437.737.png,2,28.5,492.2,146.7,328.97,1920,aj,D:/Gal2023_Drone/Galapagos2023_Drone_Snapshots/SpermWhale_AgeSex_Snapshots/20230217/Gal2023_DJIMini2_20230217_163227/Gal2023_DJIMini2_20230217_163227_437.737.png
109,Gal2023_DJIMini2_20230217_163227_66.934.png,2,125.2,122.26,NA,78.21,1920,aj,D:/Gal2023_Drone/Galapagos2023_Drone_Snapshots/SpermWhale_AgeSex_Snapshots/20230217/Gal2023_DJIMini2_20230217_163227/Gal2023_DJIMini2_20230217_163227_66.934.png
110,Gal2023_DJIMini2_20230217_163227_221.555.png,3,91.4,157.45,NA,105.28,1920,,D:/Gal2023_Drone/Galapagos2023_Drone_Snapshots/SpermWhale_AgeSex_Snapshots/20230217/Gal2023_DJIMini2_20230217_163227/Gal2023_DJIMini2_20230217_163227_221.555.png
111,Gal2023_DJIMini2_20230217_163227_429.329.png,3,29,460.93,122.65,300.29,1920,,D:/Gal2023_Drone/Galapagos2023_Drone_Snapshots/SpermWhale_AgeSex_Snapshots/20230217/Gal2023_DJIMini2_20230217_163227/Gal2023_DJIMini2_20230217_163227_429.329.png
112,Gal2023_DJIMini2_20230217_163227_447.447.png,3,25.8,511.32,146.57,339.24,1920,,D:/Gal2023_Drone/Galapagos2023_Drone_Snapshots/SpermWhale_AgeSex_Snapshots/20230217/Gal2023_DJIMini2_20230217_163227/Gal2023_DJIMini2_20230217_163227_447.447.png
113,Gal2023_DJIMini2_20230217_164752_154.154.png,1,124.8,135.61,NA,85.61,1920,,D:/Gal2023_Drone/Galapagos2023_Drone_Snapshots/SpermWhale_AgeSex_Snapshots/20230217/Gal2023_DJIMini2_20230217_164752/Gal2023_DJIMini2_20230217_164752_154.154.png
114,Gal2023_DJIMini2_20230217_164752_275.709.png,1,20.2,773.42,NA,504.58,1920,,D:/Gal2023_Drone/Galapagos2023_Drone_Snapshots/SpermWhale_AgeSex_Snapshots/20230217/Gal2023_DJIMini2_20230217_164752/Gal2023_DJIMini2_20230217_164752_275.709.png
115,Gal2023_DJIMini2_20230217_164752_437.837.png,1,31.9,497.62,NA,338.7,1920,,D:/Gal2023_Drone/Galapagos2023_Drone_Snapshots/SpermWhale_AgeSex_Snapshots/20230217/Gal2023_DJIMini2_20230217_164752/Gal2023_DJIMini2_20230217_164752_437.837.png
116,Gal2023_DJIMini2_20230218_084819_301.401.png,1,50,282.89,NA,182.05,1920,,D:/Gal2023_Drone/Galapagos2023_Drone_Snapshots/SpermWhale_AgeSex_Snapshots/20230218/Gal2023_DJIMini2_20230218_084819/Gal2023_DJIMini2_20230218_084819_301.401.png
117,Gal2023_DJIMini2_20230218_084819_315.482.png,1,50.7,284.41,NA,185.91,1920,,D:/Gal2023_Drone/Galapagos2023_Drone_Snapshots/SpermWhale_AgeSex_Snapshots/20230218/Gal2023_DJIMini2_20230218_084819/Gal2023_DJIMini2_20230218_084819_315.482.png
118,Gal2023_DJIMini2_20230218_084819_323.456.png,1,49.6,292.68,NA,190.26,1920,,D:/Gal2023_Drone/Galapagos2023_Drone_Snapshots/SpermWhale_AgeSex_Snapshots/20230218/Gal2023_DJIMini2_20230218_084819/Gal2023_DJIMini2_20230218_084819_323.456.png
119,Gal2023_DJIMini2_20230218_150400_127.194.png,1,119.5,113.53,NA,67.9,1920,,D:/Gal2023_Drone/Galapagos2023_Drone_Snapshots/SpermWhale_AgeSex_Snapshots/20230218/Gal2023_DJIMini2_20230218_150400/Gal2023_DJIMini2_20230218_150400_127.194.png
120,Gal2023_DJIMini2_20230218_150400_133.400.png,1,119.2,114.34,NA,67.7,1920,,D:/Gal2023_Drone/Galapagos2023_Drone_Snapshots/SpermWhale_AgeSex_Snapshots/20230218/Gal2023_DJIMini2_20230218_150400/Gal2023_DJIMini2_20230218_150400_133.400.png
121,Gal2023_DJIMini2_20230218_150400_142.909.png,1,101.9,128.7,NA,81.17,1920,,D:/Gal2023_Drone/Galapagos2023_Drone_Snapshots/SpermWhale_AgeSex_Snapshots/20230218/Gal2023_DJIMini2_20230218_150400/Gal2023_DJIMini2_20230218_150400_142.909.png
122,Gal2023_DJIMini2_20230218_150400_127.194.png,2,119.5,92.21,NA,60.08,1920,,D:/Gal2023_Drone/Galapagos2023_Drone_Snapshots/SpermWhale_AgeSex_Snapshots/20230218/Gal2023_DJIMini2_20230218_150400/Gal2023_DJIMini2_20230218_150400_127.194.png
123,Gal2023_DJIMini2_20230218_150400_133.400.png,2,119.2,91.39,NA,NA,1920,,D:/Gal2023_Drone/Galapagos2023_Drone_Snapshots/SpermWhale_AgeSex_Snapshots/20230218/Gal2023_DJIMini2_20230218_150400/Gal2023_DJIMini2_20230218_150400_133.400.png
124,Gal2023_DJIMini2_20230218_150400_142.909.png,2,101.9,110.15,NA,67.26,1920,,D:/Gal2023_Drone/Galapagos2023_Drone_Snapshots/SpermWhale_AgeSex_Snapshots/20230218/Gal2023_DJIMini2_20230218_150400/Gal2023_DJIMini2_20230218_150400_142.909.png
125,Gal2023_DJIMini2_20230218_150400_311.878.png,3,31.8,292.36,NA,192.72,1920,,D:/Gal2023_Drone/Galapagos2023_Drone_Snapshots/SpermWhale_AgeSex_Snapshots/20230218/Gal2023_DJIMini2_20230218_150400/Gal2023_DJIMini2_20230218_150400_311.878.png
126,Gal2023_DJIMini2_20230218_150400_350.550.png,3,34,280,64.6,171.45,1920,,D:/Gal2023_Drone/Galapagos2023_Drone_Snapshots/SpermWhale_AgeSex_Snapshots/20230218/Gal2023_DJIMini2_20230218_150400/Gal2023_DJIMini2_20230218_150400_350.550.png
127,Gal2023_DJIMini2_20230218_150400_360.727.png,3,34,271.38,NA,184.05,1920,,D:/Gal2023_Drone/Galapagos2023_Drone_Snapshots/SpermWhale_AgeSex_Snapshots/20230218/Gal2023_DJIMini2_20230218_150400/Gal2023_DJIMini2_20230218_150400_360.727.png
128,Gal2023_DJIMini2_20230218_162045_300.634.png,1,115.3,132.33,NA,86.96,1920,,D:/Gal2023_Drone/Galapagos2023_Drone_Snapshots/SpermWhale_AgeSex_Snapshots/20230218/Gal2023_DJIMini2_20230218_162045/Gal2023_DJIMini2_20230218_162045_300.634.png
129,Gal2023_DJIMini2_20230218_162045_324.958.png,1,122.6,127.85,NA,73.79,1920,,D:/Gal2023_Drone/Galapagos2023_Drone_Snapshots/SpermWhale_AgeSex_Snapshots/20230218/Gal2023_DJIMini2_20230218_162045/Gal2023_DJIMini2_20230218_162045_324.958.png
130,Gal2023_DJIMini2_20230218_162045_99.032.png,1,107,142.08,NA,88.43,1920,,D:/Gal2023_Drone/Galapagos2023_Drone_Snapshots/SpermWhale_AgeSex_Snapshots/20230218/Gal2023_DJIMini2_20230218_162045/Gal2023_DJIMini2_20230218_162045_99.032.png
131,Gal2023_DJIMini2_20230218_162045_300.634.png,2,115.3,141.31,NA,87.08,1920,,D:/Gal2023_Drone/Galapagos2023_Drone_Snapshots/SpermWhale_AgeSex_Snapshots/20230218/Gal2023_DJIMini2_20230218_162045/Gal2023_DJIMini2_20230218_162045_300.634.png
132,Gal2023_DJIMini2_20230218_162045_318.618.png,2,115.6,144.01,NA,89.69,1920,,D:/Gal2023_Drone/Galapagos2023_Drone_Snapshots/SpermWhale_AgeSex_Snapshots/20230218/Gal2023_DJIMini2_20230218_162045/Gal2023_DJIMini2_20230218_162045_318.618.png
133,Gal2023_DJIMini2_20230218_162045_324.958.png,2,122.6,132.19,NA,82.46,1920,,D:/Gal2023_Drone/Galapagos2023_Drone_Snapshots/SpermWhale_AgeSex_Snapshots/20230218/Gal2023_DJIMini2_20230218_162045/Gal2023_DJIMini2_20230218_162045_324.958.png
134,Gal2023_DJIMini2_20230220_074820_106.873.png,1,28.8,474.56,140.24,307.74,1920,with juanito,D:/Gal2023_Drone/Galapagos2023_Drone_Snapshots/SpermWhale_AgeSex_Snapshots/20230220/Gal2023_DJIMini2_20230220_074820/Gal2023_DJIMini2_20230220_074820_106.873.png
135,Gal2023_DJIMini2_20230220_074820_121.254.png,1,29.6,475.12,143.74,302.09,1920,with juanito,D:/Gal2023_Drone/Galapagos2023_Drone_Snapshots/SpermWhale_AgeSex_Snapshots/20230220/Gal2023_DJIMini2_20230220_074820/Gal2023_DJIMini2_20230220_074820_121.254.png
136,Gal2023_DJIMini2_20230220_074820_43.577.png,1,89.9,169.2,48.89,109.77,1920,with juanito,D:/Gal2023_Drone/Galapagos2023_Drone_Snapshots/SpermWhale_AgeSex_Snapshots/20230220/Gal2023_DJIMini2_20230220_074820/Gal2023_DJIMini2_20230220_074820_43.577.png
137,Gal2023_DJIMini2_20230220_074820_121.254.png,2,29.6,173.62,NA,104.58,1920,juanito,D:/Gal2023_Drone/Galapagos2023_Drone_Snapshots/SpermWhale_AgeSex_Snapshots/20230220/Gal2023_DJIMini2_20230220_074820/Gal2023_DJIMini2_20230220_074820_121.254.png
138,Gal2023_DJIMini2_20230220_074820_164.998.png,2,20,234.93,NA,149.35,1920,juanito,D:/Gal2023_Drone/Galapagos2023_Drone_Snapshots/SpermWhale_AgeSex_Snapshots/20230220/Gal2023_DJIMini2_20230220_074820/Gal2023_DJIMini2_20230220_074820_164.998.png
139,Gal2023_DJIMini2_20230220_074820_223.790.png,3,36.5,397.81,110.02,255.3,1920,juanito,D:/Gal2023_Drone/Galapagos2023_Drone_Snapshots/SpermWhale_AgeSex_Snapshots/20230220/Gal2023_DJIMini2_20230220_074820/Gal2023_DJIMini2_20230220_074820_223.790.png
140,Gal2023_DJIMini2_20230220_074820_256.757.png,3,35.5,421.55,123.23,270.88,1920,juanito,D:/Gal2023_Drone/Galapagos2023_Drone_Snapshots/SpermWhale_AgeSex_Snapshots/20230220/Gal2023_DJIMini2_20230220_074820/Gal2023_DJIMini2_20230220_074820_256.757.png
141,Gal2023_DJIMini2_20230220_074820_264.364.png,3,35.1,416.96,126.44,272.19,1920,juanito,D:/Gal2023_Drone/Galapagos2023_Drone_Snapshots/SpermWhale_AgeSex_Snapshots/20230220/Gal2023_DJIMini2_20230220_074820/Gal2023_DJIMini2_20230220_074820_264.364.png
142,Gal2023_DJIMini2_20230220_080403_117.851.png,1,30.5,490.43,NA,332.15,1920,with juanito,D:/Gal2023_Drone/Galapagos2023_Drone_Snapshots/SpermWhale_AgeSex_Snapshots/20230220/Gal2023_DJIMini2_20230220_080403/Gal2023_DJIMini2_20230220_080403_117.851.png
143,Gal2023_DJIMini2_20230220_080403_81.882.png,1,31,504.94,NA,330.42,1920,juanito,D:/Gal2023_Drone/Galapagos2023_Drone_Snapshots/SpermWhale_AgeSex_Snapshots/20230220/Gal2023_DJIMini2_20230220_080403/Gal2023_DJIMini2_20230220_080403_81.882.png
144,Gal2023_DJIMini2_20230220_080403_96.163.png,1,30.8,494.46,150.58,325.17,1920,with juanito,D:/Gal2023_Drone/Galapagos2023_Drone_Snapshots/SpermWhale_AgeSex_Snapshots/20230220/Gal2023_DJIMini2_20230220_080403/Gal2023_DJIMini2_20230220_080403_96.163.png
145,Gal2023_DJIMini2_20230220_080403_224.124.png,2,45.7,117.32,NA,NA,1920,juanito,D:/Gal2023_Drone/Galapagos2023_Drone_Snapshots/SpermWhale_AgeSex_Snapshots/20230220/Gal2023_DJIMini2_20230220_080403/Gal2023_DJIMini2_20230220_080403_224.124.png
146,Gal2023_DJIMini2_20230220_080403_265.465.png,2,49.7,112.48,NA,NA,1920,juanito,D:/Gal2023_Drone/Galapagos2023_Drone_Snapshots/SpermWhale_AgeSex_Snapshots/20230220/Gal2023_DJIMini2_20230220_080403/Gal2023_DJIMini2_20230220_080403_265.465.png
147,Gal2023_DJIMini2_20230220_080403_602.235.png,2,30.5,168.87,NA,97.25,1920,juanito,D:/Gal2023_Drone/Galapagos2023_Drone_Snapshots/SpermWhale_AgeSex_Snapshots/20230220/Gal2023_DJIMini2_20230220_080403/Gal2023_DJIMini2_20230220_080403_602.235.png
148,Gal2023_DJIMini2_20230220_080403_139.172.png,3,30.5,431.64,125.13,266.79,1920,,D:/Gal2023_Drone/Galapagos2023_Drone_Snapshots/SpermWhale_AgeSex_Snapshots/20230220/Gal2023_DJIMini2_20230220_080403/Gal2023_DJIMini2_20230220_080403_139.172.png
149,Gal2023_DJIMini2_20230220_080403_193.460.png,3,45.7,319.3,90.47,203.73,1920,,D:/Gal2023_Drone/Galapagos2023_Drone_Snapshots/SpermWhale_AgeSex_Snapshots/20230220/Gal2023_DJIMini2_20230220_080403/Gal2023_DJIMini2_20230220_080403_193.460.png
150,Gal2023_DJIMini2_20230220_080403_224.124.png,3,45.7,318.29,86.83,204.75,1920,,D:/Gal2023_Drone/Galapagos2023_Drone_Snapshots/SpermWhale_AgeSex_Snapshots/20230220/Gal2023_DJIMini2_20230220_080403/Gal2023_DJIMini2_20230220_080403_224.124.png
151,Gal2023_DJIMini2_20230220_080403_582.682.png,4,31.2,334.21,101.55,179.26,1920,,D:/Gal2023_Drone/Galapagos2023_Drone_Snapshots/SpermWhale_AgeSex_Snapshots/20230220/Gal2023_DJIMini2_20230220_080403/Gal2023_DJIMini2_20230220_080403_582.682.png
152,Gal2023_DJIMini2_20230220_080403_596.529.png,4,31.2,339.43,99.62,196.93,1920,,D:/Gal2023_Drone/Galapagos2023_Drone_Snapshots/SpermWhale_AgeSex_Snapshots/20230220/Gal2023_DJIMini2_20230220_080403/Gal2023_DJIMini2_20230220_080403_596.529.png
153,Gal2023_DJIMini2_20230220_080403_602.235.png,4,30.5,326.79,98.37,202.07,1920,,D:/Gal2023_Drone/Galapagos2023_Drone_Snapshots/SpermWhale_AgeSex_Snapshots/20230220/Gal2023_DJIMini2_20230220_080403/Gal2023_DJIMini2_20230220_080403_602.235.png
154,Gal2023_DJIMini2_20230220_084321_162.629.png,1,40.7,362.11,106.7,236.7,1920,,D:/Gal2023_Drone/Galapagos2023_Drone_Snapshots/SpermWhale_AgeSex_Snapshots/20230220/Gal2023_DJIMini2_20230220_084321/Gal2023_DJIMini2_20230220_084321_162.629.png
155,Gal2023_DJIMini2_20230220_084321_180.414.png,1,40.6,355.86,101.22,228.47,1920,,D:/Gal2023_Drone/Galapagos2023_Drone_Snapshots/SpermWhale_AgeSex_Snapshots/20230220/Gal2023_DJIMini2_20230220_084321/Gal2023_DJIMini2_20230220_084321_180.414.png
156,Gal2023_DJIMini2_20230220_084321_89.890.png,1,62.8,246.62,70.58,164.33,1920,,D:/Gal2023_Drone/Galapagos2023_Drone_Snapshots/SpermWhale_AgeSex_Snapshots/20230220/Gal2023_DJIMini2_20230220_084321/Gal2023_DJIMini2_20230220_084321_89.890.png
157,Gal2023_DJIMini2_20230220_084321_277.410.png,2,59.6,87.69,NA,NA,1920,juanito,D:/Gal2023_Drone/Galapagos2023_Drone_Snapshots/SpermWhale_AgeSex_Snapshots/20230220/Gal2023_DJIMini2_20230220_084321/Gal2023_DJIMini2_20230220_084321_277.410.png
158,Gal2023_DJIMini2_20230220_084321_354.221.png,2,40.1,116.57,NA,69.45,1920,juanito,D:/Gal2023_Drone/Galapagos2023_Drone_Snapshots/SpermWhale_AgeSex_Snapshots/20230220/Gal2023_DJIMini2_20230220_084321/Gal2023_DJIMini2_20230220_084321_354.221.png
159,Gal2023_DJIMini2_20230220_084321_451.818.png,3,55.6,259.13,NA,169.27,1920,"with juanito
",D:/Gal2023_Drone/Galapagos2023_Drone_Snapshots/SpermWhale_AgeSex_Snapshots/20230220/Gal2023_DJIMini2_20230220_084321/Gal2023_DJIMini2_20230220_084321_451.818.png
160,Gal2023_DJIMini2_20230220_084321_479.913.png,3,55.9,256.96,69.27,164.95,1920,"with juanito
",D:/Gal2023_Drone/Galapagos2023_Drone_Snapshots/SpermWhale_AgeSex_Snapshots/20230220/Gal2023_DJIMini2_20230220_084321/Gal2023_DJIMini2_20230220_084321_479.913.png
161,Gal2023_DJIMini2_20230220_084321_496.963.png,3,57,254.25,74.34,158.71,1920,"with juanito
",D:/Gal2023_Drone/Galapagos2023_Drone_Snapshots/SpermWhale_AgeSex_Snapshots/20230220/Gal2023_DJIMini2_20230220_084321/Gal2023_DJIMini2_20230220_084321_496.963.png
162,Gal2023_DJIMini2_20230220_133246_185.652.png,1,120.1,120.75,NA,NA,1920,,D:/Gal2023_Drone/Galapagos2023_Drone_Snapshots/SpermWhale_AgeSex_Snapshots/20230220/Gal2023_DJIMini2_20230220_133246/Gal2023_DJIMini2_20230220_133246_185.652.png
163,Gal2023_DJIMini2_20230220_133246_202.002.png,1,120.1,121.11,NA,73.47,1920,,D:/Gal2023_Drone/Galapagos2023_Drone_Snapshots/SpermWhale_AgeSex_Snapshots/20230220/Gal2023_DJIMini2_20230220_133246/Gal2023_DJIMini2_20230220_133246_202.002.png
164,Gal2023_DJIMini2_20230220_133246_223.590.png,1,120.2,123.08,NA,72.92,1920,,D:/Gal2023_Drone/Galapagos2023_Drone_Snapshots/SpermWhale_AgeSex_Snapshots/20230220/Gal2023_DJIMini2_20230220_133246/Gal2023_DJIMini2_20230220_133246_223.590.png
165,Gal2023_DJIMini2_20230220_134924_481.081.png,1,20.3,677.45,NA,457.9,1920,,D:/Gal2023_Drone/Galapagos2023_Drone_Snapshots/SpermWhale_AgeSex_Snapshots/20230220/Gal2023_DJIMini2_20230220_134924/Gal2023_DJIMini2_20230220_134924_481.081.png
166,Gal2023_DJIMini2_20230220_134924_486.319.png,1,20.2,631.2,206.02,437.01,1920,,D:/Gal2023_Drone/Galapagos2023_Drone_Snapshots/SpermWhale_AgeSex_Snapshots/20230220/Gal2023_DJIMini2_20230220_134924/Gal2023_DJIMini2_20230220_134924_486.319.png
167,Gal2023_DJIMini2_20230220_134924_496.296.png,1,22,587.24,NA,391.86,1920,,D:/Gal2023_Drone/Galapagos2023_Drone_Snapshots/SpermWhale_AgeSex_Snapshots/20230220/Gal2023_DJIMini2_20230220_134924/Gal2023_DJIMini2_20230220_134924_496.296.png
168,Gal2023_DJIMini2_20230220_134924_478.645.png,2,20.9,655.93,190.02,432.62,1920,,D:/Gal2023_Drone/Galapagos2023_Drone_Snapshots/SpermWhale_AgeSex_Snapshots/20230220/Gal2023_DJIMini2_20230220_134924/Gal2023_DJIMini2_20230220_134924_478.645.png
169,Gal2023_DJIMini2_20230220_134924_508.408.png,2,22.2,625.9,181.46,429.68,1920,,D:/Gal2023_Drone/Galapagos2023_Drone_Snapshots/SpermWhale_AgeSex_Snapshots/20230220/Gal2023_DJIMini2_20230220_134924/Gal2023_DJIMini2_20230220_134924_508.408.png
170,Gal2023_DJIMini2_20230220_134924_526.993.png,2,21.8,650.98,193.52,424.49,1920,,D:/Gal2023_Drone/Galapagos2023_Drone_Snapshots/SpermWhale_AgeSex_Snapshots/20230220/Gal2023_DJIMini2_20230220_134924/Gal2023_DJIMini2_20230220_134924_526.993.png
171,Gal2023_DJIMini2_20230220_151411_114.715.png,1,118.1,126.57,NA,83.82,1920,,D:/Gal2023_Drone/Galapagos2023_Drone_Snapshots/SpermWhale_AgeSex_Snapshots/20230220/Gal2023_DJIMini2_20230220_151411/Gal2023_DJIMini2_20230220_151411_114.715.png
172,Gal2023_DJIMini2_20230220_151411_132.699.png,1,87.8,173.96,NA,107.2,1920,,D:/Gal2023_Drone/Galapagos2023_Drone_Snapshots/SpermWhale_AgeSex_Snapshots/20230220/Gal2023_DJIMini2_20230220_151411/Gal2023_DJIMini2_20230220_151411_132.699.png
173,Gal2023_DJIMini2_20230220_151411_138.338.png,1,76,190.88,NA,124.33,1920,,D:/Gal2023_Drone/Galapagos2023_Drone_Snapshots/SpermWhale_AgeSex_Snapshots/20230220/Gal2023_DJIMini2_20230220_151411/Gal2023_DJIMini2_20230220_151411_138.338.png
174,Gal2023_DJIMini2_20230220_151411_132.699.png,2,87.8,185.54,53.25,114.68,1920,,D:/Gal2023_Drone/Galapagos2023_Drone_Snapshots/SpermWhale_AgeSex_Snapshots/20230220/Gal2023_DJIMini2_20230220_151411/Gal2023_DJIMini2_20230220_151411_132.699.png
175,Gal2023_DJIMini2_20230220_151411_138.338.png,2,76,218.5,63.14,136.55,1920,,D:/Gal2023_Drone/Galapagos2023_Drone_Snapshots/SpermWhale_AgeSex_Snapshots/20230220/Gal2023_DJIMini2_20230220_151411/Gal2023_DJIMini2_20230220_151411_138.338.png
176,Gal2023_DJIMini2_20230220_151411_179.913.png,2,60.3,280.88,81.33,177.63,1920,,D:/Gal2023_Drone/Galapagos2023_Drone_Snapshots/SpermWhale_AgeSex_Snapshots/20230220/Gal2023_DJIMini2_20230220_151411/Gal2023_DJIMini2_20230220_151411_179.913.png
177,Gal2023_DJIMini2_20230221_072412_122.255.png,1,67.2,82.73,NA,NA,1920,juanito,D:/Gal2023_Drone/Galapagos2023_Drone_Snapshots/SpermWhale_AgeSex_Snapshots/20230221/Gal2023_DJIMini2_20230221_072412/Gal2023_DJIMini2_20230221_072412_122.255.png
178,Gal2023_DJIMini2_20230221_072412_224.591.png,1,60,86.92,NA,NA,1920,juanito,D:/Gal2023_Drone/Galapagos2023_Drone_Snapshots/SpermWhale_AgeSex_Snapshots/20230221/Gal2023_DJIMini2_20230221_072412/Gal2023_DJIMini2_20230221_072412_224.591.png
179,Gal2023_DJIMini2_20230221_072412_476.142.png,1,61.7,74.92,NA,NA,1920,juanito,D:/Gal2023_Drone/Galapagos2023_Drone_Snapshots/SpermWhale_AgeSex_Snapshots/20230221/Gal2023_DJIMini2_20230221_072412/Gal2023_DJIMini2_20230221_072412_476.142.png
180,Gal2023_DJIMini2_20230221_072412_176.309.png,2,54.8,200.96,NA,127.27,1920,,D:/Gal2023_Drone/Galapagos2023_Drone_Snapshots/SpermWhale_AgeSex_Snapshots/20230221/Gal2023_DJIMini2_20230221_072412/Gal2023_DJIMini2_20230221_072412_176.309.png
181,Gal2023_DJIMini2_20230221_072412_186.453.png,2,54.9,199.72,56.32,121.18,1920,,D:/Gal2023_Drone/Galapagos2023_Drone_Snapshots/SpermWhale_AgeSex_Snapshots/20230221/Gal2023_DJIMini2_20230221_072412/Gal2023_DJIMini2_20230221_072412_186.453.png
182,Gal2023_DJIMini2_20230221_072412_201.535.png,2,54.9,200.91,NA,124.43,1920,,D:/Gal2023_Drone/Galapagos2023_Drone_Snapshots/SpermWhale_AgeSex_Snapshots/20230221/Gal2023_DJIMini2_20230221_072412/Gal2023_DJIMini2_20230221_072412_201.535.png
183,Gal2023_DJIMini2_20230221_072412_201.535.png,3,54.9,270.72,NA,172.79,1920,,D:/Gal2023_Drone/Galapagos2023_Drone_Snapshots/SpermWhale_AgeSex_Snapshots/20230221/Gal2023_DJIMini2_20230221_072412/Gal2023_DJIMini2_20230221_072412_201.535.png
184,Gal2023_DJIMini2_20230221_072412_224.591.png,3,60,251.93,NA,159.52,1920,,D:/Gal2023_Drone/Galapagos2023_Drone_Snapshots/SpermWhale_AgeSex_Snapshots/20230221/Gal2023_DJIMini2_20230221_072412/Gal2023_DJIMini2_20230221_072412_224.591.png
185,Gal2023_DJIMini2_20230221_072412_239.439.png,3,60,250.02,NA,159.58,1920,,D:/Gal2023_Drone/Galapagos2023_Drone_Snapshots/SpermWhale_AgeSex_Snapshots/20230221/Gal2023_DJIMini2_20230221_072412/Gal2023_DJIMini2_20230221_072412_239.439.png
186,Gal2023_DJIMini2_20230221_095010_402.802.png,1,85.8,149.15,NA,89.78,1920,,D:/Gal2023_Drone/Galapagos2023_Drone_Snapshots/SpermWhale_AgeSex_Snapshots/20230221/Gal2023_DJIMini2_20230221_095010/Gal2023_DJIMini2_20230221_095010_402.802.png
187,Gal2023_DJIMini2_20230221_095010_425.292.png,1,85.8,170.3,NA,110.05,1920,,D:/Gal2023_Drone/Galapagos2023_Drone_Snapshots/SpermWhale_AgeSex_Snapshots/20230221/Gal2023_DJIMini2_20230221_095010/Gal2023_DJIMini2_20230221_095010_425.292.png
188,Gal2023_DJIMini2_20230221_095010_448.448.png,1,85.8,157.49,NA,99.74,1920,,D:/Gal2023_Drone/Galapagos2023_Drone_Snapshots/SpermWhale_AgeSex_Snapshots/20230221/Gal2023_DJIMini2_20230221_095010/Gal2023_DJIMini2_20230221_095010_448.448.png
189,Gal2023_DJIMini2_20230221_095010_425.292.png,2,85.8,188.23,NA,115.18,1920,,D:/Gal2023_Drone/Galapagos2023_Drone_Snapshots/SpermWhale_AgeSex_Snapshots/20230221/Gal2023_DJIMini2_20230221_095010/Gal2023_DJIMini2_20230221_095010_425.292.png
190,Gal2023_DJIMini2_20230221_095010_438.004.png,2,85.7,181.26,NA,115.97,1920,,D:/Gal2023_Drone/Galapagos2023_Drone_Snapshots/SpermWhale_AgeSex_Snapshots/20230221/Gal2023_DJIMini2_20230221_095010/Gal2023_DJIMini2_20230221_095010_438.004.png
191,Gal2023_DJIMini2_20230221_095010_448.448.png,2,85.8,179.81,NA,112.36,1920,,D:/Gal2023_Drone/Galapagos2023_Drone_Snapshots/SpermWhale_AgeSex_Snapshots/20230221/Gal2023_DJIMini2_20230221_095010/Gal2023_DJIMini2_20230221_095010_448.448.png
192,Gal2023_DJIMini2_20230221_144615_499.366.png,1,60.1,68.65,NA,NA,1920,juanito,D:/Gal2023_Drone/Galapagos2023_Drone_Snapshots/SpermWhale_AgeSex_Snapshots/20230221/Gal2023_DJIMini2_20230221_144615/Gal2023_DJIMini2_20230221_144615_499.366.png
193,Gal2023_DJIMini2_20230221_144615_535.468.png,1,18,251.41,NA,NA,1920,juanito,D:/Gal2023_Drone/Galapagos2023_Drone_Snapshots/SpermWhale_AgeSex_Snapshots/20230221/Gal2023_DJIMini2_20230221_144615/Gal2023_DJIMini2_20230221_144615_535.468.png
194,Gal2023_DJIMini2_20230221_144615_588.521.png,1,20.8,214.66,NA,NA,1920,juanito,D:/Gal2023_Drone/Galapagos2023_Drone_Snapshots/SpermWhale_AgeSex_Snapshots/20230221/Gal2023_DJIMini2_20230221_144615/Gal2023_DJIMini2_20230221_144615_588.521.png
195,Gal2023_DJIMini2_20230221_144615_499.366.png,2,63.1,240.17,NA,149.88,1920,,D:/Gal2023_Drone/Galapagos2023_Drone_Snapshots/SpermWhale_AgeSex_Snapshots/20230221/Gal2023_DJIMini2_20230221_144615/Gal2023_DJIMini2_20230221_144615_499.366.png
196,Gal2023_DJIMini2_20230221_144615_535.468.png,2,18,717.85,NA,459.77,1920,,D:/Gal2023_Drone/Galapagos2023_Drone_Snapshots/SpermWhale_AgeSex_Snapshots/20230221/Gal2023_DJIMini2_20230221_144615/Gal2023_DJIMini2_20230221_144615_535.468.png
197,Gal2023_DJIMini2_20230221_144615_559.893.png,2,20.2,652.08,NA,414.98,1920,,D:/Gal2023_Drone/Galapagos2023_Drone_Snapshots/SpermWhale_AgeSex_Snapshots/20230221/Gal2023_DJIMini2_20230221_144615/Gal2023_DJIMini2_20230221_144615_559.893.png
198,Gal2023_DJIMini2_20230222_083900_130.564.png,1,16.4,750.37,235.09,501.52,1920,,D:/Gal2023_Drone/Galapagos2023_Drone_Snapshots/SpermWhale_AgeSex_Snapshots/20230222/Gal2023_DJIMini2_20230222_083900/Gal2023_DJIMini2_20230222_083900_130.564.png
199,Gal2023_DJIMini2_20230222_083900_146.480.png,1,16,746.55,222.08,483.47,1920,,D:/Gal2023_Drone/Galapagos2023_Drone_Snapshots/SpermWhale_AgeSex_Snapshots/20230222/Gal2023_DJIMini2_20230222_083900/Gal2023_DJIMini2_20230222_083900_146.480.png
200,Gal2023_DJIMini2_20230222_083900_72.306.png,1,120.7,124.01,NA,74.61,1920,,D:/Gal2023_Drone/Galapagos2023_Drone_Snapshots/SpermWhale_AgeSex_Snapshots/20230222/Gal2023_DJIMini2_20230222_083900/Gal2023_DJIMini2_20230222_083900_72.306.png
201,Gal2023_DJIMini2_20230222_101504_159.092.png,1,14.3,932.37,288.4,611.87,1920,,D:/Gal2023_Drone/Galapagos2023_Drone_Snapshots/SpermWhale_AgeSex_Snapshots/20230222/Gal2023_DJIMini2_20230222_101504/Gal2023_DJIMini2_20230222_101504_159.092.png
202,Gal2023_DJIMini2_20230222_101504_194.261.png,1,13.3,953.52,300.19,622.33,1920,,D:/Gal2023_Drone/Galapagos2023_Drone_Snapshots/SpermWhale_AgeSex_Snapshots/20230222/Gal2023_DJIMini2_20230222_101504/Gal2023_DJIMini2_20230222_101504_194.261.png
203,Gal2023_DJIMini2_20230222_101504_382.882.png,1,15.3,862.31,268.24,568.36,1920,,D:/Gal2023_Drone/Galapagos2023_Drone_Snapshots/SpermWhale_AgeSex_Snapshots/20230222/Gal2023_DJIMini2_20230222_101504/Gal2023_DJIMini2_20230222_101504_382.882.png
204,Gal2023_DJIMini2_20230222_154059_155.455.png,1,38.2,384.53,NA,256.99,1920,,D:/Gal2023_Drone/Galapagos2023_Drone_Snapshots/SpermWhale_AgeSex_Snapshots/20230222/Gal2023_DJIMini2_20230222_154059/Gal2023_DJIMini2_20230222_154059_155.455.png
205,Gal2023_DJIMini2_20230222_154059_243.110.png,1,38.5,387.11,NA,256.39,1920,,D:/Gal2023_Drone/Galapagos2023_Drone_Snapshots/SpermWhale_AgeSex_Snapshots/20230222/Gal2023_DJIMini2_20230222_154059/Gal2023_DJIMini2_20230222_154059_243.110.png
206,Gal2023_DJIMini2_20230222_154059_99.833.png,1,123.5,125.83,NA,85.74,1920,,D:/Gal2023_Drone/Galapagos2023_Drone_Snapshots/SpermWhale_AgeSex_Snapshots/20230222/Gal2023_DJIMini2_20230222_154059/Gal2023_DJIMini2_20230222_154059_99.833.png
207,Gal2023_DJIMini2_20230222_154059_190.590.png,2,18,730.59,230.47,484.33,1920,,D:/Gal2023_Drone/Galapagos2023_Drone_Snapshots/SpermWhale_AgeSex_Snapshots/20230222/Gal2023_DJIMini2_20230222_154059/Gal2023_DJIMini2_20230222_154059_190.590.png
208,Gal2023_DJIMini2_20230222_154059_221.221.png,2,30.9,461.85,137.12,299.01,1920,,D:/Gal2023_Drone/Galapagos2023_Drone_Snapshots/SpermWhale_AgeSex_Snapshots/20230222/Gal2023_DJIMini2_20230222_154059/Gal2023_DJIMini2_20230222_154059_221.221.png
209,Gal2023_DJIMini2_20230222_154059_99.833.png,2,123.5,128.25,NA,80.82,1920,,D:/Gal2023_Drone/Galapagos2023_Drone_Snapshots/SpermWhale_AgeSex_Snapshots/20230222/Gal2023_DJIMini2_20230222_154059/Gal2023_DJIMini2_20230222_154059_99.833.png
210,Gal2023_DJIMini2_20230223_073130_152.986.png,1,19.9,705.22,216.87,442.69,1920,,D:/Gal2023_Drone/Galapagos2023_Drone_Snapshots/SpermWhale_AgeSex_Snapshots/20230223/Gal2023_DJIMini2_20230223_073130/Gal2023_DJIMini2_20230223_073130_152.986.png
211,Gal2023_DJIMini2_20230223_073130_164.264.png,1,19.4,724.65,219.08,484.87,1920,,D:/Gal2023_Drone/Galapagos2023_Drone_Snapshots/SpermWhale_AgeSex_Snapshots/20230223/Gal2023_DJIMini2_20230223_073130/Gal2023_DJIMini2_20230223_073130_164.264.png
212,Gal2023_DJIMini2_20230223_073130_238.972.png,1,29.7,509.18,NA,327.32,1920,,D:/Gal2023_Drone/Galapagos2023_Drone_Snapshots/SpermWhale_AgeSex_Snapshots/20230223/Gal2023_DJIMini2_20230223_073130/Gal2023_DJIMini2_20230223_073130_238.972.png
213,Gal2023_DJIMini2_20230223_073130_238.972.png,2,29.7,481.42,NA,332.73,1920,,D:/Gal2023_Drone/Galapagos2023_Drone_Snapshots/SpermWhale_AgeSex_Snapshots/20230223/Gal2023_DJIMini2_20230223_073130/Gal2023_DJIMini2_20230223_073130_238.972.png
214,Gal2023_DJIMini2_20230223_073130_250.851.png,2,36.6,382,NA,256.74,1920,,D:/Gal2023_Drone/Galapagos2023_Drone_Snapshots/SpermWhale_AgeSex_Snapshots/20230223/Gal2023_DJIMini2_20230223_073130/Gal2023_DJIMini2_20230223_073130_250.851.png
215,Gal2023_DJIMini2_20230223_073130_268.435.png,2,40.5,351.91,NA,240.29,1920,,D:/Gal2023_Drone/Galapagos2023_Drone_Snapshots/SpermWhale_AgeSex_Snapshots/20230223/Gal2023_DJIMini2_20230223_073130/Gal2023_DJIMini2_20230223_073130_268.435.png
216,Gal2023_DJIMini2_20230223_073130_152.986.png,3,19.9,704.25,202.31,452.6,1920,,D:/Gal2023_Drone/Galapagos2023_Drone_Snapshots/SpermWhale_AgeSex_Snapshots/20230223/Gal2023_DJIMini2_20230223_073130/Gal2023_DJIMini2_20230223_073130_152.986.png
217,Gal2023_DJIMini2_20230223_073130_167.134.png,3,20,681.98,214.36,423.02,1920,,D:/Gal2023_Drone/Galapagos2023_Drone_Snapshots/SpermWhale_AgeSex_Snapshots/20230223/Gal2023_DJIMini2_20230223_073130/Gal2023_DJIMini2_20230223_073130_167.134.png
218,Gal2023_DJIMini2_20230223_073130_238.972.png,3,29.7,513.36,NA,340.15,1920,,D:/Gal2023_Drone/Galapagos2023_Drone_Snapshots/SpermWhale_AgeSex_Snapshots/20230223/Gal2023_DJIMini2_20230223_073130/Gal2023_DJIMini2_20230223_073130_238.972.png
219,Gal2023_DJIMini2_20230223_102801_123.957.png,1,51.1,301.65,NA,203.93,1920,,D:/Gal2023_Drone/Galapagos2023_Drone_Snapshots/SpermWhale_AgeSex_Snapshots/20230223/Gal2023_DJIMini2_20230223_102801/Gal2023_DJIMini2_20230223_102801_123.957.png
220,Gal2023_DJIMini2_20230223_102801_135.936.png,1,49.5,301.76,NA,NA,1920,,D:/Gal2023_Drone/Galapagos2023_Drone_Snapshots/SpermWhale_AgeSex_Snapshots/20230223/Gal2023_DJIMini2_20230223_102801/Gal2023_DJIMini2_20230223_102801_135.936.png
221,Gal2023_DJIMini2_20230223_102801_153.487.png,1,50.2,300.57,NA,184.9,1920,,D:/Gal2023_Drone/Galapagos2023_Drone_Snapshots/SpermWhale_AgeSex_Snapshots/20230223/Gal2023_DJIMini2_20230223_102801/Gal2023_DJIMini2_20230223_102801_153.487.png
222,Gal2023_DJIMini2_20230223_151836_285.919.png,1,13.7,853.73,265.58,540.1,1920,,D:/Gal2023_Drone/Galapagos2023_Drone_Snapshots/SpermWhale_AgeSex_Snapshots/20230223/Gal2023_DJIMini2_20230223_151836/Gal2023_DJIMini2_20230223_151836_285.919.png
223,Gal2023_DJIMini2_20230223_151836_301.968.png,1,19.2,632.13,205.45,398.18,1920,,D:/Gal2023_Drone/Galapagos2023_Drone_Snapshots/SpermWhale_AgeSex_Snapshots/20230223/Gal2023_DJIMini2_20230223_151836/Gal2023_DJIMini2_20230223_151836_301.968.png
224,Gal2023_DJIMini2_20230223_151836_317.517.png,1,20.9,623.28,186.63,413.2,1920,,D:/Gal2023_Drone/Galapagos2023_Drone_Snapshots/SpermWhale_AgeSex_Snapshots/20230223/Gal2023_DJIMini2_20230223_151836/Gal2023_DJIMini2_20230223_151836_317.517.png
225,Gal2023_DJIMini2_20230223_151836_285.919.png,2,13.7,929.85,294.18,619.98,1920,,D:/Gal2023_Drone/Galapagos2023_Drone_Snapshots/SpermWhale_AgeSex_Snapshots/20230223/Gal2023_DJIMini2_20230223_151836/Gal2023_DJIMini2_20230223_151836_285.919.png
226,Gal2023_DJIMini2_20230223_151836_301.968.png,2,19.2,683.76,209.6,448.08,1920,,D:/Gal2023_Drone/Galapagos2023_Drone_Snapshots/SpermWhale_AgeSex_Snapshots/20230223/Gal2023_DJIMini2_20230223_151836/Gal2023_DJIMini2_20230223_151836_301.968.png
227,Gal2023_DJIMini2_20230223_151836_317.517.png,2,20.9,683.24,208.25,434.96,1920,,D:/Gal2023_Drone/Galapagos2023_Drone_Snapshots/SpermWhale_AgeSex_Snapshots/20230223/Gal2023_DJIMini2_20230223_151836/Gal2023_DJIMini2_20230223_151836_317.517.png
228,Gal2023_DJIMini2_20230322_083716_107.307.png,1,119.2,264.13,NA,169.23,3840,,D:/Gal2023_Drone/Galapagos2023_Drone_Snapshots/SpermWhale_AgeSex_Snapshots/20230322/Gal2023_DJIMini2_20230322_083716/Gal2023_DJIMini2_20230322_083716_107.307.png
229,Gal2023_DJIMini2_20230322_083716_119.953.png,1,119.5,267.7,NA,169.56,3840,,D:/Gal2023_Drone/Galapagos2023_Drone_Snapshots/SpermWhale_AgeSex_Snapshots/20230322/Gal2023_DJIMini2_20230322_083716/Gal2023_DJIMini2_20230322_083716_119.953.png
230,Gal2023_DJIMini2_20230322_083716_92.726.png,1,119.9,263.2,NA,171.05,3840,,D:/Gal2023_Drone/Galapagos2023_Drone_Snapshots/SpermWhale_AgeSex_Snapshots/20230322/Gal2023_DJIMini2_20230322_083716/Gal2023_DJIMini2_20230322_083716_92.726.png
231,Gal2023_DJIMini2_20230322_083716_107.307.png,2,119.2,240.17,NA,153.25,3840,,D:/Gal2023_Drone/Galapagos2023_Drone_Snapshots/SpermWhale_AgeSex_Snapshots/20230322/Gal2023_DJIMini2_20230322_083716/Gal2023_DJIMini2_20230322_083716_107.307.png
232,Gal2023_DJIMini2_20230322_083716_119.953.png,2,119.5,237.44,73.03,153.33,3840,,D:/Gal2023_Drone/Galapagos2023_Drone_Snapshots/SpermWhale_AgeSex_Snapshots/20230322/Gal2023_DJIMini2_20230322_083716/Gal2023_DJIMini2_20230322_083716_119.953.png
233,Gal2023_DJIMini2_20230322_083716_92.726.png,2,119.9,239.18,74.86,151.49,3840,,D:/Gal2023_Drone/Galapagos2023_Drone_Snapshots/SpermWhale_AgeSex_Snapshots/20230322/Gal2023_DJIMini2_20230322_083716/Gal2023_DJIMini2_20230322_083716_92.726.png
234,Gal2023_DJIMini2_20230322_083716_107.307.png,3,119.2,285.05,92.73,181.72,3840,,D:/Gal2023_Drone/Galapagos2023_Drone_Snapshots/SpermWhale_AgeSex_Snapshots/20230322/Gal2023_DJIMini2_20230322_083716/Gal2023_DJIMini2_20230322_083716_107.307.png
235,Gal2023_DJIMini2_20230322_083716_119.953.png,3,119.5,291.23,99.49,195.04,3840,,D:/Gal2023_Drone/Galapagos2023_Drone_Snapshots/SpermWhale_AgeSex_Snapshots/20230322/Gal2023_DJIMini2_20230322_083716/Gal2023_DJIMini2_20230322_083716_119.953.png
236,Gal2023_DJIMini2_20230322_083716_92.726.png,3,119.9,288.34,92.1,186.82,3840,,D:/Gal2023_Drone/Galapagos2023_Drone_Snapshots/SpermWhale_AgeSex_Snapshots/20230322/Gal2023_DJIMini2_20230322_083716/Gal2023_DJIMini2_20230322_083716_92.726.png
237,Gal2023_DJIMini2_20230322_095141_224.357.png,1,15.4,1373.69,432.97,915.9,3840,,D:/Gal2023_Drone/Galapagos2023_Drone_Snapshots/SpermWhale_AgeSex_Snapshots/20230322/Gal2023_DJIMini2_20230322_095141/Gal2023_DJIMini2_20230322_095141_224.357.png
238,Gal2023_DJIMini2_20230322_095141_243.744.png,1,15.2,1446.08,446,936.22,3840,,D:/Gal2023_Drone/Galapagos2023_Drone_Snapshots/SpermWhale_AgeSex_Snapshots/20230322/Gal2023_DJIMini2_20230322_095141/Gal2023_DJIMini2_20230322_095141_243.744.png
239,Gal2023_DJIMini2_20230322_095141_273.507.png,1,16.3,1402.82,446.56,928.26,3840,,D:/Gal2023_Drone/Galapagos2023_Drone_Snapshots/SpermWhale_AgeSex_Snapshots/20230322/Gal2023_DJIMini2_20230322_095141/Gal2023_DJIMini2_20230322_095141_273.507.png
240,Gal2023_DJIMini2_20230322_160527_123.423.png,1,119.5,247.27,NA,NA,3840,,D:/Gal2023_Drone/Galapagos2023_Drone_Snapshots/SpermWhale_AgeSex_Snapshots/20230322/Gal2023_DJIMini2_20230322_160527/Gal2023_DJIMini2_20230322_160527_123.423.png
241,Gal2023_DJIMini2_20230322_160527_145.846.png,1,119.5,244.55,61.04,153.74,3840,,D:/Gal2023_Drone/Galapagos2023_Drone_Snapshots/SpermWhale_AgeSex_Snapshots/20230322/Gal2023_DJIMini2_20230322_160527/Gal2023_DJIMini2_20230322_160527_145.846.png
242,Gal2023_DJIMini2_20230322_160527_197.230.png,1,119.5,248.12,NA,155.54,3840,,D:/Gal2023_Drone/Galapagos2023_Drone_Snapshots/SpermWhale_AgeSex_Snapshots/20230322/Gal2023_DJIMini2_20230322_160527/Gal2023_DJIMini2_20230322_160527_197.230.png
243,Gal2023_DJIMini2_20230322_173440_266.666.png,1,20.6,1317.1,NA,846.29,3840,,D:/Gal2023_Drone/Galapagos2023_Drone_Snapshots/SpermWhale_AgeSex_Snapshots/20230322/Gal2023_DJIMini2_20230322_173440/Gal2023_DJIMini2_20230322_173440_266.666.png
244,Gal2023_DJIMini2_20230322_173440_295.195.png,1,20.6,1294.3,NA,848.23,3840,,D:/Gal2023_Drone/Galapagos2023_Drone_Snapshots/SpermWhale_AgeSex_Snapshots/20230322/Gal2023_DJIMini2_20230322_173440/Gal2023_DJIMini2_20230322_173440_295.195.png
245,Gal2023_DJIMini2_20230322_173440_315.382.png,1,17.7,1468.32,NA,966.34,3840,,D:/Gal2023_Drone/Galapagos2023_Drone_Snapshots/SpermWhale_AgeSex_Snapshots/20230322/Gal2023_DJIMini2_20230322_173440/Gal2023_DJIMini2_20230322_173440_315.382.png
246,Gal2023_DJIMini2_20230323_091201_255.922.png,1,30.3,579.13,176.46,367.59,3840,,D:/Gal2023_Drone/Galapagos2023_Drone_Snapshots/SpermWhale_AgeSex_Snapshots/20230323/Gal2023_DJIMini2_20230323_091201/Gal2023_DJIMini2_20230323_091201_255.922.png
247,Gal2023_DJIMini2_20230323_091201_262.596.png,1,30,591.68,175.24,368.66,3840,,D:/Gal2023_Drone/Galapagos2023_Drone_Snapshots/SpermWhale_AgeSex_Snapshots/20230323/Gal2023_DJIMini2_20230323_091201/Gal2023_DJIMini2_20230323_091201_262.596.png
248,Gal2023_DJIMini2_20230323_091201_272.439.png,1,30.4,606.48,175.12,383.59,3840,,D:/Gal2023_Drone/Galapagos2023_Drone_Snapshots/SpermWhale_AgeSex_Snapshots/20230323/Gal2023_DJIMini2_20230323_091201/Gal2023_DJIMini2_20230323_091201_272.439.png
249,Gal2023_DJIMini2_20230323_135551_245.846.png,1,14.8,1284.33,374.71,813.57,3840,,D:/Gal2023_Drone/Galapagos2023_Drone_Snapshots/SpermWhale_AgeSex_Snapshots/20230323/Gal2023_DJIMini2_20230323_135551/Gal2023_DJIMini2_20230323_135551_245.846.png
250,Gal2023_DJIMini2_20230323_135551_252.119.png,1,15.1,1341.19,381.65,840.99,3840,,D:/Gal2023_Drone/Galapagos2023_Drone_Snapshots/SpermWhale_AgeSex_Snapshots/20230323/Gal2023_DJIMini2_20230323_135551/Gal2023_DJIMini2_20230323_135551_252.119.png
251,Gal2023_DJIMini2_20230323_135551_257.691.png,1,15.2,1357.32,383.02,912.25,3840,,D:/Gal2023_Drone/Galapagos2023_Drone_Snapshots/SpermWhale_AgeSex_Snapshots/20230323/Gal2023_DJIMini2_20230323_135551/Gal2023_DJIMini2_20230323_135551_257.691.png
252,Gal2023_DJIMini2_20230323_151830_126.426.png,1,17.2,1517.09,NA,968.84,3840,,D:/Gal2023_Drone/Galapagos2023_Drone_Snapshots/SpermWhale_AgeSex_Snapshots/20230323/Gal2023_DJIMini2_20230323_151830/Gal2023_DJIMini2_20230323_151830_126.426.png
253,Gal2023_DJIMini2_20230323_151830_145.078.png,1,14.9,1610.29,NA,1088.31,3840,,D:/Gal2023_Drone/Galapagos2023_Drone_Snapshots/SpermWhale_AgeSex_Snapshots/20230323/Gal2023_DJIMini2_20230323_151830/Gal2023_DJIMini2_20230323_151830_145.078.png
254,Gal2023_DJIMini2_20230323_151830_152.152.png,1,14.9,1719.5,NA,1114.06,3840,,D:/Gal2023_Drone/Galapagos2023_Drone_Snapshots/SpermWhale_AgeSex_Snapshots/20230323/Gal2023_DJIMini2_20230323_151830/Gal2023_DJIMini2_20230323_151830_152.152.png
255,Gal2023_DJIMini2_20230323_173102_206.940.png,1,21.1,870.45,245.93,551.83,3840,,D:/Gal2023_Drone/Galapagos2023_Drone_Snapshots/SpermWhale_AgeSex_Snapshots/20230323/Gal2023_DJIMini2_20230323_173102/Gal2023_DJIMini2_20230323_173102_206.940.png
256,Gal2023_DJIMini2_20230323_173102_216.983.png,1,19.6,904,250.6,573.47,3840,,D:/Gal2023_Drone/Galapagos2023_Drone_Snapshots/SpermWhale_AgeSex_Snapshots/20230323/Gal2023_DJIMini2_20230323_173102/Gal2023_DJIMini2_20230323_173102_216.983.png
257,Gal2023_DJIMini2_20230323_173102_239.406.png,1,25,748.47,197.95,454.78,3840,,D:/Gal2023_Drone/Galapagos2023_Drone_Snapshots/SpermWhale_AgeSex_Snapshots/20230323/Gal2023_DJIMini2_20230323_173102/Gal2023_DJIMini2_20230323_173102_239.406.png
258,Gal2023_DJIMini2_20230323_173102_206.940.png,2,21.1,1294.72,NA,808.18,3840,,D:/Gal2023_Drone/Galapagos2023_Drone_Snapshots/SpermWhale_AgeSex_Snapshots/20230323/Gal2023_DJIMini2_20230323_173102/Gal2023_DJIMini2_20230323_173102_206.940.png
259,Gal2023_DJIMini2_20230323_173102_216.983.png,2,19.6,1334.7,403.68,859.33,3840,,D:/Gal2023_Drone/Galapagos2023_Drone_Snapshots/SpermWhale_AgeSex_Snapshots/20230323/Gal2023_DJIMini2_20230323_173102/Gal2023_DJIMini2_20230323_173102_216.983.png
260,Gal2023_DJIMini2_20230323_173102_239.406.png,2,25,1093.03,NA,697.77,3840,,D:/Gal2023_Drone/Galapagos2023_Drone_Snapshots/SpermWhale_AgeSex_Snapshots/20230323/Gal2023_DJIMini2_20230323_173102/Gal2023_DJIMini2_20230323_173102_239.406.png
261,Gal2023_DJIMini2_20230324_072214_106.506.png,1,51.5,568.25,NA,386.07,3840,,D:/Gal2023_Drone/Galapagos2023_Drone_Snapshots/SpermWhale_AgeSex_Snapshots/20230324/Gal2023_DJIMini2_20230324_072214/Gal2023_DJIMini2_20230324_072214_106.506.png
262,Gal2023_DJIMini2_20230324_072214_129.396.png,1,51.8,567.03,NA,361.06,3840,,D:/Gal2023_Drone/Galapagos2023_Drone_Snapshots/SpermWhale_AgeSex_Snapshots/20230324/Gal2023_DJIMini2_20230324_072214/Gal2023_DJIMini2_20230324_072214_129.396.png
263,Gal2023_DJIMini2_20230324_072214_95.629.png,1,51.8,574.51,NA,364.11,3840,,D:/Gal2023_Drone/Galapagos2023_Drone_Snapshots/SpermWhale_AgeSex_Snapshots/20230324/Gal2023_DJIMini2_20230324_072214/Gal2023_DJIMini2_20230324_072214_95.629.png
264,Gal2023_DJIMini2_20230324_075814_108.508.png,1,119.5,255.03,NA,157.52,3840,,D:/Gal2023_Drone/Galapagos2023_Drone_Snapshots/SpermWhale_AgeSex_Snapshots/20230324/Gal2023_DJIMini2_20230324_075814/Gal2023_DJIMini2_20230324_075814_108.508.png
265,Gal2023_DJIMini2_20230324_075814_87.287.png,1,119.9,263.07,NA,169.33,3840,,D:/Gal2023_Drone/Galapagos2023_Drone_Snapshots/SpermWhale_AgeSex_Snapshots/20230324/Gal2023_DJIMini2_20230324_075814/Gal2023_DJIMini2_20230324_075814_87.287.png
266,Gal2023_DJIMini2_20230324_075814_98.298.png,1,120,267.54,77.85,166.02,3840,,D:/Gal2023_Drone/Galapagos2023_Drone_Snapshots/SpermWhale_AgeSex_Snapshots/20230324/Gal2023_DJIMini2_20230324_075814/Gal2023_DJIMini2_20230324_075814_98.298.png
267,Gal2023_DJIMini2_20230324_075814_108.508.png,2,119.5,245.01,NA,160.47,3840,,D:/Gal2023_Drone/Galapagos2023_Drone_Snapshots/SpermWhale_AgeSex_Snapshots/20230324/Gal2023_DJIMini2_20230324_075814/Gal2023_DJIMini2_20230324_075814_108.508.png
268,Gal2023_DJIMini2_20230324_075814_87.287.png,2,119.9,250.46,NA,151.79,3840,,D:/Gal2023_Drone/Galapagos2023_Drone_Snapshots/SpermWhale_AgeSex_Snapshots/20230324/Gal2023_DJIMini2_20230324_075814/Gal2023_DJIMini2_20230324_075814_87.287.png
269,Gal2023_DJIMini2_20230324_075814_98.298.png,2,120,242.66,NA,159.56,3840,,D:/Gal2023_Drone/Galapagos2023_Drone_Snapshots/SpermWhale_AgeSex_Snapshots/20230324/Gal2023_DJIMini2_20230324_075814/Gal2023_DJIMini2_20230324_075814_98.298.png
270,Gal2023_DJIMini2_20230324_075814_108.508.png,3,119.5,261.45,NA,NA,3840,,D:/Gal2023_Drone/Galapagos2023_Drone_Snapshots/SpermWhale_AgeSex_Snapshots/20230324/Gal2023_DJIMini2_20230324_075814/Gal2023_DJIMini2_20230324_075814_108.508.png
271,Gal2023_DJIMini2_20230324_075814_87.287.png,3,119.9,277.12,83,174.6,3840,,D:/Gal2023_Drone/Galapagos2023_Drone_Snapshots/SpermWhale_AgeSex_Snapshots/20230324/Gal2023_DJIMini2_20230324_075814/Gal2023_DJIMini2_20230324_075814_87.287.png
272,Gal2023_DJIMini2_20230324_075814_98.298.png,3,120,269.59,79.28,173.48,3840,,D:/Gal2023_Drone/Galapagos2023_Drone_Snapshots/SpermWhale_AgeSex_Snapshots/20230324/Gal2023_DJIMini2_20230324_075814/Gal2023_DJIMini2_20230324_075814_98.298.png
273,Gal2023_DJIMini2_20230324_075814_108.508.png,4,119.5,248.66,NA,160,3840,,D:/Gal2023_Drone/Galapagos2023_Drone_Snapshots/SpermWhale_AgeSex_Snapshots/20230324/Gal2023_DJIMini2_20230324_075814/Gal2023_DJIMini2_20230324_075814_108.508.png
274,Gal2023_DJIMini2_20230324_075814_145.746.png,4,119.6,248,83.11,155.26,3840,,D:/Gal2023_Drone/Galapagos2023_Drone_Snapshots/SpermWhale_AgeSex_Snapshots/20230324/Gal2023_DJIMini2_20230324_075814/Gal2023_DJIMini2_20230324_075814_145.746.png
275,Gal2023_DJIMini2_20230324_075814_157.057.png,4,119.6,239.71,NA,155.88,3840,,D:/Gal2023_Drone/Galapagos2023_Drone_Snapshots/SpermWhale_AgeSex_Snapshots/20230324/Gal2023_DJIMini2_20230324_075814/Gal2023_DJIMini2_20230324_075814_157.057.png
276,Gal2023_DJIMini2_20230324_075814_108.508.png,5,119.5,283.86,NA,178.14,3840,,D:/Gal2023_Drone/Galapagos2023_Drone_Snapshots/SpermWhale_AgeSex_Snapshots/20230324/Gal2023_DJIMini2_20230324_075814/Gal2023_DJIMini2_20230324_075814_108.508.png
277,Gal2023_DJIMini2_20230324_075814_145.746.png,5,119.6,277.6,NA,178.61,3840,,D:/Gal2023_Drone/Galapagos2023_Drone_Snapshots/SpermWhale_AgeSex_Snapshots/20230324/Gal2023_DJIMini2_20230324_075814/Gal2023_DJIMini2_20230324_075814_145.746.png
278,Gal2023_DJIMini2_20230324_075814_157.057.png,5,119.6,272.54,NA,168.98,3840,,D:/Gal2023_Drone/Galapagos2023_Drone_Snapshots/SpermWhale_AgeSex_Snapshots/20230324/Gal2023_DJIMini2_20230324_075814/Gal2023_DJIMini2_20230324_075814_157.057.png
279,Gal2023_DJIMini2_20230324_075814_145.746.png,6,119.6,267.42,NA,166.55,3840,,D:/Gal2023_Drone/Galapagos2023_Drone_Snapshots/SpermWhale_AgeSex_Snapshots/20230324/Gal2023_DJIMini2_20230324_075814/Gal2023_DJIMini2_20230324_075814_145.746.png
280,Gal2023_DJIMini2_20230324_075814_157.057.png,6,119.6,258.6,90.27,164.01,3840,,D:/Gal2023_Drone/Galapagos2023_Drone_Snapshots/SpermWhale_AgeSex_Snapshots/20230324/Gal2023_DJIMini2_20230324_075814/Gal2023_DJIMini2_20230324_075814_157.057.png
281,Gal2023_DJIMini2_20230324_075814_163.263.png,6,119.4,260.39,83.06,156.45,3840,,D:/Gal2023_Drone/Galapagos2023_Drone_Snapshots/SpermWhale_AgeSex_Snapshots/20230324/Gal2023_DJIMini2_20230324_075814/Gal2023_DJIMini2_20230324_075814_163.263.png
282,Gal2023_DJIMini2_20230324_075814_145.746.png,7,119.6,268.14,NA,166.84,3840,,D:/Gal2023_Drone/Galapagos2023_Drone_Snapshots/SpermWhale_AgeSex_Snapshots/20230324/Gal2023_DJIMini2_20230324_075814/Gal2023_DJIMini2_20230324_075814_145.746.png
283,Gal2023_DJIMini2_20230324_075814_157.057.png,7,119.6,259.73,NA,158.13,3840,,D:/Gal2023_Drone/Galapagos2023_Drone_Snapshots/SpermWhale_AgeSex_Snapshots/20230324/Gal2023_DJIMini2_20230324_075814/Gal2023_DJIMini2_20230324_075814_157.057.png
284,Gal2023_DJIMini2_20230324_075814_163.263.png,7,119.4,260.91,NA,156.35,3840,,D:/Gal2023_Drone/Galapagos2023_Drone_Snapshots/SpermWhale_AgeSex_Snapshots/20230324/Gal2023_DJIMini2_20230324_075814/Gal2023_DJIMini2_20230324_075814_163.263.png
285,Gal2023_DJIMini2_20230324_081328_109.643.png,1,119.2,274.64,90.69,172.93,3840,,D:/Gal2023_Drone/Galapagos2023_Drone_Snapshots/SpermWhale_AgeSex_Snapshots/20230324/Gal2023_DJIMini2_20230324_081328/Gal2023_DJIMini2_20230324_081328_109.643.png
286,Gal2023_DJIMini2_20230324_081328_86.820.png,1,120.2,277,99.79,175.28,3840,,D:/Gal2023_Drone/Galapagos2023_Drone_Snapshots/SpermWhale_AgeSex_Snapshots/20230324/Gal2023_DJIMini2_20230324_081328/Gal2023_DJIMini2_20230324_081328_86.820.png
287,Gal2023_DJIMini2_20230324_081328_97.998.png,1,120.1,272.48,97.49,166.89,3840,,D:/Gal2023_Drone/Galapagos2023_Drone_Snapshots/SpermWhale_AgeSex_Snapshots/20230324/Gal2023_DJIMini2_20230324_081328/Gal2023_DJIMini2_20230324_081328_97.998.png
288,Gal2023_DJIMini2_20230324_161436_101.001.png,1,95.3,240.35,NA,154.66,3840,,D:/Gal2023_Drone/Galapagos2023_Drone_Snapshots/SpermWhale_AgeSex_Snapshots/20230324/Gal2023_DJIMini2_20230324_161436/Gal2023_DJIMini2_20230324_161436_101.001.png
289,Gal2023_DJIMini2_20230324_161436_154.421.png,1,25.2,815.57,237.69,537.3,3840,,D:/Gal2023_Drone/Galapagos2023_Drone_Snapshots/SpermWhale_AgeSex_Snapshots/20230324/Gal2023_DJIMini2_20230324_161436/Gal2023_DJIMini2_20230324_161436_154.421.png
290,Gal2023_DJIMini2_20230324_161436_166.767.png,1,20.7,980.03,307.87,663.29,3840,,D:/Gal2023_Drone/Galapagos2023_Drone_Snapshots/SpermWhale_AgeSex_Snapshots/20230324/Gal2023_DJIMini2_20230324_161436/Gal2023_DJIMini2_20230324_161436_166.767.png
291,Gal2023_DJIMini2_20230324_161436_85.719.png,1,117.9,190.33,NA,121.12,3840,,D:/Gal2023_Drone/Galapagos2023_Drone_Snapshots/SpermWhale_AgeSex_Snapshots/20230324/Gal2023_DJIMini2_20230324_161436/Gal2023_DJIMini2_20230324_161436_85.719.png
292,Gal2023_DJIMini2_20230324_161436_101.001.png,2,95.3,360.6,NA,236.22,3840,,D:/Gal2023_Drone/Galapagos2023_Drone_Snapshots/SpermWhale_AgeSex_Snapshots/20230324/Gal2023_DJIMini2_20230324_161436/Gal2023_DJIMini2_20230324_161436_101.001.png
293,Gal2023_DJIMini2_20230324_161436_154.421.png,2,25.2,1247.48,372.47,775.43,3840,,D:/Gal2023_Drone/Galapagos2023_Drone_Snapshots/SpermWhale_AgeSex_Snapshots/20230324/Gal2023_DJIMini2_20230324_161436/Gal2023_DJIMini2_20230324_161436_154.421.png
294,Gal2023_DJIMini2_20230324_161436_166.767.png,2,20.7,1480.8,425.9,949.39,3840,,D:/Gal2023_Drone/Galapagos2023_Drone_Snapshots/SpermWhale_AgeSex_Snapshots/20230324/Gal2023_DJIMini2_20230324_161436/Gal2023_DJIMini2_20230324_161436_166.767.png
295,Gal2023_DJIMini2_20230324_161436_193.860.png,3,20.7,1278.69,357.36,790.13,3840,,D:/Gal2023_Drone/Galapagos2023_Drone_Snapshots/SpermWhale_AgeSex_Snapshots/20230324/Gal2023_DJIMini2_20230324_161436/Gal2023_DJIMini2_20230324_161436_193.860.png
296,Gal2023_DJIMini2_20230324_161436_232.032.png,3,119.3,179.26,55.65,111.32,3840,,D:/Gal2023_Drone/Galapagos2023_Drone_Snapshots/SpermWhale_AgeSex_Snapshots/20230324/Gal2023_DJIMini2_20230324_161436/Gal2023_DJIMini2_20230324_161436_232.032.png
297,Gal2023_DJIMini2_20230324_161436_244.878.png,3,119.4,182.05,NA,114.18,3840,,D:/Gal2023_Drone/Galapagos2023_Drone_Snapshots/SpermWhale_AgeSex_Snapshots/20230324/Gal2023_DJIMini2_20230324_161436/Gal2023_DJIMini2_20230324_161436_244.878.png
298,Gal2023_DJIMini2_20230324_161436_259.292.png,3,119.5,179.05,53.23,108.81,3840,,D:/Gal2023_Drone/Galapagos2023_Drone_Snapshots/SpermWhale_AgeSex_Snapshots/20230324/Gal2023_DJIMini2_20230324_161436/Gal2023_DJIMini2_20230324_161436_259.292.png
299,Gal2023_DJIMini2_20230403_101842_111.778.png,1,15.6,2358.56,NA,1626.75,3840,,D:/Gal2023_Drone/Galapagos2023_Drone_Snapshots/SpermWhale_AgeSex_Snapshots/20230403/Gal2023_DJIMini2_20230403_101842/Gal2023_DJIMini2_20230403_101842_111.778.png
300,Gal2023_DJIMini2_20230403_101842_46.947.png,1,45.9,913.19,365.29,612.36,3840,,D:/Gal2023_Drone/Galapagos2023_Drone_Snapshots/SpermWhale_AgeSex_Snapshots/20230403/Gal2023_DJIMini2_20230403_101842/Gal2023_DJIMini2_20230403_101842_46.947.png
301,Gal2023_DJIMini2_20230403_101842_58.692.png,1,46.2,933.24,388.88,625.28,3840,,D:/Gal2023_Drone/Galapagos2023_Drone_Snapshots/SpermWhale_AgeSex_Snapshots/20230403/Gal2023_DJIMini2_20230403_101842/Gal2023_DJIMini2_20230403_101842_58.692.png
302,Gal2023_DJIMini2_20230403_111058_108.175.png,1,19.7,1959.92,778.62,1344.92,3840,,D:/Gal2023_Drone/Galapagos2023_Drone_Snapshots/SpermWhale_AgeSex_Snapshots/20230403/Gal2023_DJIMini2_20230403_111058/Gal2023_DJIMini2_20230403_111058_108.175.png
303,Gal2023_DJIMini2_20230403_111058_128.662.png,1,30.1,1402.5,NA,938.26,3840,,D:/Gal2023_Drone/Galapagos2023_Drone_Snapshots/SpermWhale_AgeSex_Snapshots/20230403/Gal2023_DJIMini2_20230403_111058/Gal2023_DJIMini2_20230403_111058_128.662.png
304,Gal2023_DJIMini2_20230403_111058_139.940.png,1,30.6,1309.21,552.69,871.21,3840,,D:/Gal2023_Drone/Galapagos2023_Drone_Snapshots/SpermWhale_AgeSex_Snapshots/20230403/Gal2023_DJIMini2_20230403_111058/Gal2023_DJIMini2_20230403_111058_139.940.png
305,Gal2023_DJIMini2_20230405_074118_172.172.png,1,19.5,1619.32,553.58,1119.32,3840,,D:/Gal2023_Drone/Galapagos2023_Drone_Snapshots/SpermWhale_AgeSex_Snapshots/20230405/Gal2023_DJIMini2_20230405_074118/Gal2023_DJIMini2_20230405_074118_172.172.png
306,Gal2023_DJIMini2_20230405_074118_189.122.png,1,17.2,1817.37,658.13,1224.47,3840,,D:/Gal2023_Drone/Galapagos2023_Drone_Snapshots/SpermWhale_AgeSex_Snapshots/20230405/Gal2023_DJIMini2_20230405_074118/Gal2023_DJIMini2_20230405_074118_189.122.png
307,Gal2023_DJIMini2_20230405_074118_206.440.png,1,16.9,1852.84,661.73,1235,3840,,D:/Gal2023_Drone/Galapagos2023_Drone_Snapshots/SpermWhale_AgeSex_Snapshots/20230405/Gal2023_DJIMini2_20230405_074118/Gal2023_DJIMini2_20230405_074118_206.440.png
308,Gal2023_DJIMini2_20230405_093934_187.087.png,1,20.1,1666.51,649.06,1128.38,3840,,D:/Gal2023_Drone/Galapagos2023_Drone_Snapshots/SpermWhale_AgeSex_Snapshots/20230405/Gal2023_DJIMini2_20230405_093934/Gal2023_DJIMini2_20230405_093934_187.087.png
309,Gal2023_DJIMini2_20230405_093934_198.131.png,1,20.6,1578.71,592.81,1086.07,3840,,D:/Gal2023_Drone/Galapagos2023_Drone_Snapshots/SpermWhale_AgeSex_Snapshots/20230405/Gal2023_DJIMini2_20230405_093934/Gal2023_DJIMini2_20230405_093934_198.131.png
310,Gal2023_DJIMini2_20230405_093934_219.052.png,1,16.7,1873.9,704.62,1302.99,3840,,D:/Gal2023_Drone/Galapagos2023_Drone_Snapshots/SpermWhale_AgeSex_Snapshots/20230405/Gal2023_DJIMini2_20230405_093934/Gal2023_DJIMini2_20230405_093934_219.052.png
311,Gal2023_DJIMini2_20230405_104553_241.074.png,1,30.6,1100.65,NA,739.57,3840,,D:/Gal2023_Drone/Galapagos2023_Drone_Snapshots/SpermWhale_AgeSex_Snapshots/20230405/Gal2023_DJIMini2_20230405_104553/Gal2023_DJIMini2_20230405_104553_241.074.png
312,Gal2023_DJIMini2_20230405_104553_256.056.png,1,30.4,1098.03,NA,711.85,3840,,D:/Gal2023_Drone/Galapagos2023_Drone_Snapshots/SpermWhale_AgeSex_Snapshots/20230405/Gal2023_DJIMini2_20230405_104553/Gal2023_DJIMini2_20230405_104553_256.056.png
313,Gal2023_DJIMini2_20230405_104553_295.028.png,1,30.6,1107.45,NA,738.13,3840,,D:/Gal2023_Drone/Galapagos2023_Drone_Snapshots/SpermWhale_AgeSex_Snapshots/20230405/Gal2023_DJIMini2_20230405_104553/Gal2023_DJIMini2_20230405_104553_295.028.png
314,Gal2023_DJIMini2_20230405_154621_156.423.png,1,19.5,1681.02,NA,1184.22,3840,,D:/Gal2023_Drone/Galapagos2023_Drone_Snapshots/SpermWhale_AgeSex_Snapshots/20230405/Gal2023_DJIMini2_20230405_154621/Gal2023_DJIMini2_20230405_154621_156.423.png
315,Gal2023_DJIMini2_20230405_154621_168.068.png,1,19.8,1642.43,NA,1191.68,3840,,D:/Gal2023_Drone/Galapagos2023_Drone_Snapshots/SpermWhale_AgeSex_Snapshots/20230405/Gal2023_DJIMini2_20230405_154621/Gal2023_DJIMini2_20230405_154621_168.068.png
316,Gal2023_DJIMini2_20230405_154621_182.015.png,1,19.9,1698.49,NA,1180.7,3840,,D:/Gal2023_Drone/Galapagos2023_Drone_Snapshots/SpermWhale_AgeSex_Snapshots/20230405/Gal2023_DJIMini2_20230405_154621/Gal2023_DJIMini2_20230405_154621_182.015.png
317,Gal2023_DJIMini2_20230408_074403_171.938.png,balaena,117.2,105.58,NA,NA,3840,balaena,D:/Gal2023_Drone/Galapagos2023_Drone_Snapshots/SpermWhale_AgeSex_Snapshots/20230408/Gal2023_DJIMini2_20230408_07440/Gal2023_DJIMini2_20230408_074403_171.938.png
318,Gal2023_DJIMini2_20230408_074403_148.615.png,1,117.3,246.02,NA,153.03,3840,,D:/Gal2023_Drone/Galapagos2023_Drone_Snapshots/SpermWhale_AgeSex_Snapshots/20230408/Gal2023_DJIMini2_20230408_07440/Gal2023_DJIMini2_20230408_074403_148.615.png
319,Gal2023_DJIMini2_20230408_074403_159.226.png,1,117.2,246.54,NA,150.49,3840,,D:/Gal2023_Drone/Galapagos2023_Drone_Snapshots/SpermWhale_AgeSex_Snapshots/20230408/Gal2023_DJIMini2_20230408_07440/Gal2023_DJIMini2_20230408_074403_159.226.png
320,Gal2023_DJIMini2_20230408_074403_171.938.png,1,117.2,251.1,NA,162.79,3840,,D:/Gal2023_Drone/Galapagos2023_Drone_Snapshots/SpermWhale_AgeSex_Snapshots/20230408/Gal2023_DJIMini2_20230408_07440/Gal2023_DJIMini2_20230408_074403_171.938.png
321,Gal2023_DJIMini2_20230408_074403_240.340.png,1,15.7,1727.04,NA,1106.12,3840,,D:/Gal2023_Drone/Galapagos2023_Drone_Snapshots/SpermWhale_AgeSex_Snapshots/20230408/Gal2023_DJIMini2_20230408_07440/Gal2023_DJIMini2_20230408_074403_240.340.png
322,Gal2023_DJIMini2_20230408_074931_200.200.png,1,32.6,943.95,NA,642.44,3840,balaena,D:/Gal2023_Drone/Galapagos2023_Drone_Snapshots/SpermWhale_AgeSex_Snapshots/20230408/Gal2023_DJIMini2_20230408_074931/Gal2023_DJIMini2_20230408_074931_200.200.png
323,Gal2023_DJIMini2_20230408_074931_210.977.png,1,35.3,865.83,NA,571.71,3840,balaena,D:/Gal2023_Drone/Galapagos2023_Drone_Snapshots/SpermWhale_AgeSex_Snapshots/20230408/Gal2023_DJIMini2_20230408_074931/Gal2023_DJIMini2_20230408_074931_210.977.png
324,Gal2023_DJIMini2_20230408_074931_248.749.png,1,35.3,906.95,NA,580.14,3840,balaena,D:/Gal2023_Drone/Galapagos2023_Drone_Snapshots/SpermWhale_AgeSex_Snapshots/20230408/Gal2023_DJIMini2_20230408_074931/Gal2023_DJIMini2_20230408_074931_248.749.png
325,Gal2023_DJIMini2_20230408_074931_200.200.png,2,32.6,834.69,264.5,540.9,3840,balaena,D:/Gal2023_Drone/Galapagos2023_Drone_Snapshots/SpermWhale_AgeSex_Snapshots/20230408/Gal2023_DJIMini2_20230408_074931/Gal2023_DJIMini2_20230408_074931_200.200.png
326,Gal2023_DJIMini2_20230408_074931_248.749.png,2,35.3,795.29,264.93,500.29,3840,balaena,D:/Gal2023_Drone/Galapagos2023_Drone_Snapshots/SpermWhale_AgeSex_Snapshots/20230408/Gal2023_DJIMini2_20230408_074931/Gal2023_DJIMini2_20230408_074931_248.749.png
327,Gal2023_DJIMini2_20230408_074931_259.659.png,2,35.6,763.26,234.19,494.97,3840,balaena,D:/Gal2023_Drone/Galapagos2023_Drone_Snapshots/SpermWhale_AgeSex_Snapshots/20230408/Gal2023_DJIMini2_20230408_074931/Gal2023_DJIMini2_20230408_074931_259.659.png
328,Gal2023_DJIMini2_20230408_090416_239.506.png,1,15.3,629.94,161.75,385.75,3840,balaena,D:/Gal2023_Drone/Galapagos2023_Drone_Snapshots/SpermWhale_AgeSex_Snapshots/20230408/Gal2023_DJIMini2_20230408_090416/Gal2023_DJIMini2_20230408_090416_239.506.png
329,Gal2023_DJIMini2_20230408_090416_252.986.png,1,15.2,626.48,NA,387.56,3840,balaena,D:/Gal2023_Drone/Galapagos2023_Drone_Snapshots/SpermWhale_AgeSex_Snapshots/20230408/Gal2023_DJIMini2_20230408_090416/Gal2023_DJIMini2_20230408_090416_252.986.png
330,Gal2023_DJIMini2_20230408_090416_261.661.png,1,15.2,689.07,192.56,437.33,3840,balaena,D:/Gal2023_Drone/Galapagos2023_Drone_Snapshots/SpermWhale_AgeSex_Snapshots/20230408/Gal2023_DJIMini2_20230408_090416/Gal2023_DJIMini2_20230408_090416_261.661.png
331,Gal2023_DJIMini2_20230408_151609_251.384.png,1,70.4,461.11,162.79,317.33,3840,,D:/Gal2023_Drone/Galapagos2023_Drone_Snapshots/SpermWhale_AgeSex_Snapshots/20230408/Gal2023_DJIMini2_20230408_151609/Gal2023_DJIMini2_20230408_151609_251.384.png
332,Gal2023_DJIMini2_20230408_151609_268.235.png,1,70.3,459.7,165.02,311.71,3840,,D:/Gal2023_Drone/Galapagos2023_Drone_Snapshots/SpermWhale_AgeSex_Snapshots/20230408/Gal2023_DJIMini2_20230408_151609/Gal2023_DJIMini2_20230408_151609_268.235.png
333,Gal2023_DJIMini2_20230408_151609_286.686.png,1,70.9,453.56,161.43,310.31,3840,,D:/Gal2023_Drone/Galapagos2023_Drone_Snapshots/SpermWhale_AgeSex_Snapshots/20230408/Gal2023_DJIMini2_20230408_151609/Gal2023_DJIMini2_20230408_151609_286.686.png
334,Gal2023_DJIMini2_20230408_151609_269.603ns.png,2,70.3,368.35,105.39,240.16,3840,,D:/Gal2023_Drone/Galapagos2023_Drone_Snapshots/SpermWhale_AgeSex_Snapshots/20230408/Gal2023_DJIMini2_20230408_151609/Gal2023_DJIMini2_20230408_151609_269.603ns.png
335,Gal2023_DJIMini2_20230408_151609_286.686.png,2,70.9,368.02,103.85,243.31,3840,,D:/Gal2023_Drone/Galapagos2023_Drone_Snapshots/SpermWhale_AgeSex_Snapshots/20230408/Gal2023_DJIMini2_20230408_151609/Gal2023_DJIMini2_20230408_151609_286.686.png
336,Gal2023_DJIMini2_20230408_151609_320.587.png,2,51.5,483.42,145.36,324.48,3840,,D:/Gal2023_Drone/Galapagos2023_Drone_Snapshots/SpermWhale_AgeSex_Snapshots/20230408/Gal2023_DJIMini2_20230408_151609/Gal2023_DJIMini2_20230408_151609_320.587.png
337,Gal2023_DJIMini2_20230408_151609_320.587.png,3,51.5,608.47,172.04,403.36,3840,white_df,D:/Gal2023_Drone/Galapagos2023_Drone_Snapshots/SpermWhale_AgeSex_Snapshots/20230408/Gal2023_DJIMini2_20230408_151609/Gal2023_DJIMini2_20230408_151609_320.587.png
338,Gal2023_DJIMini2_20230408_152140_21.054.png,3,50.5,617.26,171.28,420.11,3840,white_df,D:/Gal2023_Drone/Galapagos2023_Drone_Snapshots/SpermWhale_AgeSex_Snapshots/20230408/Gal2023_DJIMini2_20230408_151609/Gal2023_DJIMini2_20230408_152140_21.054.png
339,Gal2023_DJIMini2_20230408_152140_8.242.png,3,50.6,597.87,169.66,403.83,3840,white_df,D:/Gal2023_Drone/Galapagos2023_Drone_Snapshots/SpermWhale_AgeSex_Snapshots/20230408/Gal2023_DJIMini2_20230408_151609/Gal2023_DJIMini2_20230408_152140_8.242.png
340,Gal2023_DJIMini2_20230408_152140_21.054.png,4,50.5,304.96,NA,201.89,3840,calf,D:/Gal2023_Drone/Galapagos2023_Drone_Snapshots/SpermWhale_AgeSex_Snapshots/20230408/Gal2023_DJIMini2_20230408_151609/Gal2023_DJIMini2_20230408_152140_21.054.png
341,Gal2023_DJIMini2_20230408_152140_37.004.png,4,50.5,292.95,78.39,189.03,3840,calf,D:/Gal2023_Drone/Galapagos2023_Drone_Snapshots/SpermWhale_AgeSex_Snapshots/20230408/Gal2023_DJIMini2_20230408_151609/Gal2023_DJIMini2_20230408_152140_37.004.png
342,Gal2023_DJIMini2_20230408_152140_8.242.png,4,50.6,300.47,NA,191.34,3840,calf,D:/Gal2023_Drone/Galapagos2023_Drone_Snapshots/SpermWhale_AgeSex_Snapshots/20230408/Gal2023_DJIMini2_20230408_151609/Gal2023_DJIMini2_20230408_152140_8.242.png
343,Gal2023_DJIMini2_20230408_162355_304.738.png,1,39.7,295.63,NA,189.52,3840,calf,D:/Gal2023_Drone/Galapagos2023_Drone_Snapshots/SpermWhale_AgeSex_Snapshots/20230408/Gal2023_DJIMini2_20230408_162355/Gal2023_DJIMini2_20230408_162355_304.738.png
344,Gal2023_DJIMini2_20230408_162925_200.701.png,1,50.1,247.64,NA,159.16,3840,calf,D:/Gal2023_Drone/Galapagos2023_Drone_Snapshots/SpermWhale_AgeSex_Snapshots/20230408/Gal2023_DJIMini2_20230408_162355/Gal2023_DJIMini2_20230408_162925_200.701.png
345,Gal2023_DJIMini2_20230408_162355_304.738.png,2,39.7,596.88,180.57,375.01,3840,juv,D:/Gal2023_Drone/Galapagos2023_Drone_Snapshots/SpermWhale_AgeSex_Snapshots/20230408/Gal2023_DJIMini2_20230408_162355/Gal2023_DJIMini2_20230408_162355_304.738.png
346,Gal2023_DJIMini2_20230408_162355_318.018.png,2,39.74,614.29,187.88,393.23,3840,juv,D:/Gal2023_Drone/Galapagos2023_Drone_Snapshots/SpermWhale_AgeSex_Snapshots/20230408/Gal2023_DJIMini2_20230408_162355/Gal2023_DJIMini2_20230408_162355_318.018.png
347,Gal2023_DJIMini2_20230408_162355_327.828.png,2,39.8,598.06,184.68,390.18,3840,juv,D:/Gal2023_Drone/Galapagos2023_Drone_Snapshots/SpermWhale_AgeSex_Snapshots/20230408/Gal2023_DJIMini2_20230408_162355/Gal2023_DJIMini2_20230408_162355_327.828.png
348,Gal2023_DJIMini2_20230408_162925_159.126.png,3,39.8,1115.69,NA,768.83,3840,,D:/Gal2023_Drone/Galapagos2023_Drone_Snapshots/SpermWhale_AgeSex_Snapshots/20230408/Gal2023_DJIMini2_20230408_162355/Gal2023_DJIMini2_20230408_162925_159.126.png
349,Gal2023_DJIMini2_20230408_162925_181.448.png,3,27.7,1171.92,NA,788.66,3840,,D:/Gal2023_Drone/Galapagos2023_Drone_Snapshots/SpermWhale_AgeSex_Snapshots/20230408/Gal2023_DJIMini2_20230408_162355/Gal2023_DJIMini2_20230408_162925_181.448.png
350,Gal2023_DJIMini2_20230408_162925_222.489.png,3,50.7,688.41,NA,464.57,3840,,D:/Gal2023_Drone/Galapagos2023_Drone_Snapshots/SpermWhale_AgeSex_Snapshots/20230408/Gal2023_DJIMini2_20230408_162355/Gal2023_DJIMini2_20230408_162925_222.489.png
351,Gal2023_DJIMini2_20230409_064002_184.951.png,1,39.7,689.49,NA,450.87,3840,,D:/Gal2023_Drone/Galapagos2023_Drone_Snapshots/SpermWhale_AgeSex_Snapshots/20230409/Gal2023_DJIMini2_20230409_064002/Gal2023_DJIMini2_20230409_064002_184.951.png
352,Gal2023_DJIMini2_20230409_064002_208.308.png,1,39.4,689.47,213.19,446.49,3840,,D:/Gal2023_Drone/Galapagos2023_Drone_Snapshots/SpermWhale_AgeSex_Snapshots/20230409/Gal2023_DJIMini2_20230409_064002/Gal2023_DJIMini2_20230409_064002_208.308.png
353,Gal2023_DJIMini2_20230409_064002_242.976.png,1,26.5,1028.45,314.42,673.69,3840,,D:/Gal2023_Drone/Galapagos2023_Drone_Snapshots/SpermWhale_AgeSex_Snapshots/20230409/Gal2023_DJIMini2_20230409_064002/Gal2023_DJIMini2_20230409_064002_242.976.png
354,Gal2023_DJIMini2_20230409_064002_299.266.png,2,20.8,1519.66,485.26,1054.31,3840,,D:/Gal2023_Drone/Galapagos2023_Drone_Snapshots/SpermWhale_AgeSex_Snapshots/20230409/Gal2023_DJIMini2_20230409_064002/Gal2023_DJIMini2_20230409_064002_299.266.png
355,Gal2023_DJIMini2_20230409_064002_303.336.png,2,20.5,1507.32,477.95,1031.94,3840,,D:/Gal2023_Drone/Galapagos2023_Drone_Snapshots/SpermWhale_AgeSex_Snapshots/20230409/Gal2023_DJIMini2_20230409_064002/Gal2023_DJIMini2_20230409_064002_303.336.png
356,Gal2023_DJIMini2_20230409_064002_322.255.png,2,20.6,1469.88,486.64,1005.26,3840,,D:/Gal2023_Drone/Galapagos2023_Drone_Snapshots/SpermWhale_AgeSex_Snapshots/20230409/Gal2023_DJIMini2_20230409_064002/Gal2023_DJIMini2_20230409_064002_322.255.png
357,Gal2023_DJIMini2_20230409_064002_184.951.png,3,39.7,258.62,76.69,160.57,3840,calf_bendy,D:/Gal2023_Drone/Galapagos2023_Drone_Snapshots/SpermWhale_AgeSex_Snapshots/20230409/Gal2023_DJIMini2_20230409_064002/Gal2023_DJIMini2_20230409_064002_184.951.png
358,Gal2023_DJIMini2_20230409_064002_242.976.png,3,26.5,417.39,123.02,291.79,3840,calf_bendy,D:/Gal2023_Drone/Galapagos2023_Drone_Snapshots/SpermWhale_AgeSex_Snapshots/20230409/Gal2023_DJIMini2_20230409_064002/Gal2023_DJIMini2_20230409_064002_242.976.png
359,Gal2023_DJIMini2_20230409_064002_255.322.png,3,20.5,537.21,142.94,365.02,3840,calf_bendy,D:/Gal2023_Drone/Galapagos2023_Drone_Snapshots/SpermWhale_AgeSex_Snapshots/20230409/Gal2023_DJIMini2_20230409_064002/Gal2023_DJIMini2_20230409_064002_255.322.png
360,Gal2023_DJIMini2_20230409_081155_154.121.png,1,119,272.32,NA,182.75,3840,,D:/Gal2023_Drone/Galapagos2023_Drone_Snapshots/SpermWhale_AgeSex_Snapshots/20230409/Gal2023_DJIMini2_20230409_081155/Gal2023_DJIMini2_20230409_081155_154.121.png
361,Gal2023_DJIMini2_20230409_081155_167.834.png,1,119.2,273.73,NA,175.84,3840,,D:/Gal2023_Drone/Galapagos2023_Drone_Snapshots/SpermWhale_AgeSex_Snapshots/20230409/Gal2023_DJIMini2_20230409_081155/Gal2023_DJIMini2_20230409_081155_167.834.png
362,Gal2023_DJIMini2_20230409_081155_179.513.png,1,119.2,275.84,NA,181.68,3840,,D:/Gal2023_Drone/Galapagos2023_Drone_Snapshots/SpermWhale_AgeSex_Snapshots/20230409/Gal2023_DJIMini2_20230409_081155/Gal2023_DJIMini2_20230409_081155_179.513.png
363,Gal2023_DJIMini2_20230409_081155_320.420.png,1,28,1058.75,NA,706.03,3840,,D:/Gal2023_Drone/Galapagos2023_Drone_Snapshots/SpermWhale_AgeSex_Snapshots/20230409/Gal2023_DJIMini2_20230409_081155/Gal2023_DJIMini2_20230409_081155_320.420.png
364,Gal2023_DJIMini2_20230409_081726_108.241.png,1,30.5,970.97,NA,626.62,3840,,D:/Gal2023_Drone/Galapagos2023_Drone_Snapshots/SpermWhale_AgeSex_Snapshots/20230409/Gal2023_DJIMini2_20230409_081155/Gal2023_DJIMini2_20230409_081726_108.241.png
365,Gal2023_DJIMini2_20230409_081726_3.937.png,1,28.2,1060.89,NA,713.5,3840,,D:/Gal2023_Drone/Galapagos2023_Drone_Snapshots/SpermWhale_AgeSex_Snapshots/20230409/Gal2023_DJIMini2_20230409_081155/Gal2023_DJIMini2_20230409_081726_3.937.png
366,Gal2023_DJIMini2_20230409_081726_159.026.png,2,30.4,375.03,98.57,232.64,3840,calf,D:/Gal2023_Drone/Galapagos2023_Drone_Snapshots/SpermWhale_AgeSex_Snapshots/20230409/Gal2023_DJIMini2_20230409_081155/Gal2023_DJIMini2_20230409_081726_159.026.png
367,Gal2023_DJIMini2_20230409_081726_235.001.png,2,30.5,368.9,NA,228.71,3840,calf,D:/Gal2023_Drone/Galapagos2023_Drone_Snapshots/SpermWhale_AgeSex_Snapshots/20230409/Gal2023_DJIMini2_20230409_081155/Gal2023_DJIMini2_20230409_081726_235.001.png
368,Gal2023_DJIMini2_20230409_092752_260.527.png,1,40.2,685.14,215.08,451.56,3840,,D:/Gal2023_Drone/Galapagos2023_Drone_Snapshots/SpermWhale_AgeSex_Snapshots/20230409/Gal2023_DJIMini2_20230409_092752/Gal2023_DJIMini2_20230409_092752_260.527.png
369,Gal2023_DJIMini2_20230409_092752_272.072.png,1,40,692.86,199.98,448.83,3840,,D:/Gal2023_Drone/Galapagos2023_Drone_Snapshots/SpermWhale_AgeSex_Snapshots/20230409/Gal2023_DJIMini2_20230409_092752/Gal2023_DJIMini2_20230409_092752_272.072.png
370,Gal2023_DJIMini2_20230409_092752_308.508.png,1,40,700.12,205.22,468.09,3840,,D:/Gal2023_Drone/Galapagos2023_Drone_Snapshots/SpermWhale_AgeSex_Snapshots/20230409/Gal2023_DJIMini2_20230409_092752/Gal2023_DJIMini2_20230409_092752_308.508.png
371,Gal2023_DJIMini2_20230409_092752_272.072.png,2,40,770.84,NA,508.36,3840,,D:/Gal2023_Drone/Galapagos2023_Drone_Snapshots/SpermWhale_AgeSex_Snapshots/20230409/Gal2023_DJIMini2_20230409_092752/Gal2023_DJIMini2_20230409_092752_272.072.png
372,Gal2023_DJIMini2_20230409_092752_308.508.png,2,40,788.26,NA,514.3,3840,,D:/Gal2023_Drone/Galapagos2023_Drone_Snapshots/SpermWhale_AgeSex_Snapshots/20230409/Gal2023_DJIMini2_20230409_092752/Gal2023_DJIMini2_20230409_092752_308.508.png
373,Gal2023_DJIMini2_20230409_092752_327.327.png,2,39.8,771.31,NA,512.35,3840,,D:/Gal2023_Drone/Galapagos2023_Drone_Snapshots/SpermWhale_AgeSex_Snapshots/20230409/Gal2023_DJIMini2_20230409_092752/Gal2023_DJIMini2_20230409_092752_327.327.png
374,Gal2023_DJIMini2_20230409_092752_260.527.png,3,40.2,295.84,NA,183.49,3840,calf,D:/Gal2023_Drone/Galapagos2023_Drone_Snapshots/SpermWhale_AgeSex_Snapshots/20230409/Gal2023_DJIMini2_20230409_092752/Gal2023_DJIMini2_20230409_092752_260.527.png
375,Gal2023_DJIMini2_20230409_092752_272.072.png,3,40,293.38,101.57,185.63,3840,calf,D:/Gal2023_Drone/Galapagos2023_Drone_Snapshots/SpermWhale_AgeSex_Snapshots/20230409/Gal2023_DJIMini2_20230409_092752/Gal2023_DJIMini2_20230409_092752_272.072.png
376,Gal2023_DJIMini2_20230409_092752_308.508.png,3,40,302.28,86.34,182.59,3840,calf,D:/Gal2023_Drone/Galapagos2023_Drone_Snapshots/SpermWhale_AgeSex_Snapshots/20230409/Gal2023_DJIMini2_20230409_092752/Gal2023_DJIMini2_20230409_092752_308.508.png
377,Gal2023_DJIMini2_20230409_092752_272.072.png,4,40,693.77,228.98,436.82,3840,,D:/Gal2023_Drone/Galapagos2023_Drone_Snapshots/SpermWhale_AgeSex_Snapshots/20230409/Gal2023_DJIMini2_20230409_092752/Gal2023_DJIMini2_20230409_092752_272.072.png
378,Gal2023_DJIMini2_20230409_092752_288.522.png,4,40.2,679.37,NA,439.04,3840,,D:/Gal2023_Drone/Galapagos2023_Drone_Snapshots/SpermWhale_AgeSex_Snapshots/20230409/Gal2023_DJIMini2_20230409_092752/Gal2023_DJIMini2_20230409_092752_288.522.png
379,Gal2023_DJIMini2_20230409_093346_9.776.png,4,40.1,698.63,225.47,442.89,3840,,D:/Gal2023_Drone/Galapagos2023_Drone_Snapshots/SpermWhale_AgeSex_Snapshots/20230409/Gal2023_DJIMini2_20230409_092752/Gal2023_DJIMini2_20230409_093346_9.776.png
380,Gal2023_DJIMini2_20230409_092752_308.508.png,5,40.1,783.05,NA,500.42,3840,white,D:/Gal2023_Drone/Galapagos2023_Drone_Snapshots/SpermWhale_AgeSex_Snapshots/20230409/Gal2023_DJIMini2_20230409_092752/Gal2023_DJIMini2_20230409_092752_308.508.png
381,Gal2023_DJIMini2_20230409_092752_327.327.png,5,39.8,773.01,NA,501.83,3840,white,D:/Gal2023_Drone/Galapagos2023_Drone_Snapshots/SpermWhale_AgeSex_Snapshots/20230409/Gal2023_DJIMini2_20230409_092752/Gal2023_DJIMini2_20230409_092752_327.327.png
382,Gal2023_DJIMini2_20230409_093346_5.405.png,5,39.8,748.05,NA,491.87,3840,white,D:/Gal2023_Drone/Galapagos2023_Drone_Snapshots/SpermWhale_AgeSex_Snapshots/20230409/Gal2023_DJIMini2_20230409_092752/Gal2023_DJIMini2_20230409_093346_5.405.png
383,Gal2023_DJIMini2_20230409_164535_117.651.png,1,119.5,236.02,NA,154.84,3840,,D:/Gal2023_Drone/Galapagos2023_Drone_Snapshots/SpermWhale_AgeSex_Snapshots/20230409/Gal2023_DJIMini2_20230409_164535/Gal2023_DJIMini2_20230409_164535_117.651.png
384,Gal2023_DJIMini2_20230409_164535_130.497.png,1,119.5,236.64,NA,160.49,3840,,D:/Gal2023_Drone/Galapagos2023_Drone_Snapshots/SpermWhale_AgeSex_Snapshots/20230409/Gal2023_DJIMini2_20230409_164535/Gal2023_DJIMini2_20230409_164535_130.497.png
385,Gal2023_DJIMini2_20230409_164535_117.651.png,2,119.5,182.63,NA,128.03,3840,,D:/Gal2023_Drone/Galapagos2023_Drone_Snapshots/SpermWhale_AgeSex_Snapshots/20230409/Gal2023_DJIMini2_20230409_164535/Gal2023_DJIMini2_20230409_164535_117.651.png
386,Gal2023_DJIMini2_20230409_164535_130.497.png,2,119.5,180.31,NA,112.72,3840,,D:/Gal2023_Drone/Galapagos2023_Drone_Snapshots/SpermWhale_AgeSex_Snapshots/20230409/Gal2023_DJIMini2_20230409_164535/Gal2023_DJIMini2_20230409_164535_130.497.png
387,Gal2023_DJIMini2_20230409_164535_145.946.png,2,119.8,180.53,NA,108.8,3840,,D:/Gal2023_Drone/Galapagos2023_Drone_Snapshots/SpermWhale_AgeSex_Snapshots/20230409/Gal2023_DJIMini2_20230409_164535/Gal2023_DJIMini2_20230409_164535_145.946.png
388,Gal2023_DJIMini2_20230409_164535_117.651.png,3,119.8,242.34,NA,160.56,3840,,D:/Gal2023_Drone/Galapagos2023_Drone_Snapshots/SpermWhale_AgeSex_Snapshots/20230409/Gal2023_DJIMini2_20230409_164535/Gal2023_DJIMini2_20230409_164535_117.651.png
389,Gal2023_DJIMini2_20230409_164535_130.497.png,3,119.5,239.26,NA,170.35,3840,,D:/Gal2023_Drone/Galapagos2023_Drone_Snapshots/SpermWhale_AgeSex_Snapshots/20230409/Gal2023_DJIMini2_20230409_164535/Gal2023_DJIMini2_20230409_164535_130.497.png
390,Gal2023_DJIMini2_20230409_164535_145.946.png,3,119.8,253.08,NA,169.53,3840,,D:/Gal2023_Drone/Galapagos2023_Drone_Snapshots/SpermWhale_AgeSex_Snapshots/20230409/Gal2023_DJIMini2_20230409_164535/Gal2023_DJIMini2_20230409_164535_145.946.png