"","FileName","RawFileName","Keywords","Caption","ID","Q"
"1","Gal2023_DJIMini2_20230201_130107.MP4_00_03_55_vlc00001-1.jpg","Gal2023_DJIMini2_20230201_130107.MP4_00_03_55_vlc00001.png","cropped, ind1, male, top_stack","001","GAL2023_001",5
"2","Gal2023_DJIMini2_20230201_130107_120.120-2.jpg","Gal2023_DJIMini2_20230201_130107_120.120.png","cropped, ind1, male","001","GAL2023_001",3
"3","Gal2023_DJIMini2_20230201_130107_174.541-3.jpg","Gal2023_DJIMini2_20230201_130107_174.541.png","cropped, ind1, male","001","GAL2023_001",4
"4","Gal2023_DJIMini2_20230201_135502.MP4_00_03_26_vlc00002-4.jpg","Gal2023_DJIMini2_20230201_135502.MP4_00_03_26_vlc00002.png","cropped, ind1, male, top_stack","002","GAL2023_001",4
"5","Gal2023_DJIMini2_20230201_135502_244.377-5.jpg","Gal2023_DJIMini2_20230201_135502_244.377.png","cropped, ind1, male","002","GAL2023_001",4
"6","Gal2023_DJIMini2_20230201_135502_330.497-6.jpg","Gal2023_DJIMini2_20230201_135502_330.497.png","cropped, ind1, male, top_stack","002","GAL2023_001",4
"7","Gal2023_DJIMini2_20230201_154208.MP4_00_00_49_vlc00003-7.jpg","Gal2023_DJIMini2_20230201_154208.MP4_00_00_49_vlc00003.png","cropped, ind1, male, top_stack","003","GAL2023_001",3
"8","Gal2023_DJIMini2_20230201_154208_61.929-8.jpg","Gal2023_DJIMini2_20230201_154208_61.929.png","cropped, ind1, male, top_stack","003","GAL2023_001",3
"9","Gal2023_DJIMini2_20230201_182219.MP4_00_03_28_vlc00001-9.jpg","Gal2023_DJIMini2_20230201_182219.MP4_00_03_28_vlc00001.png","cropped, ind1, male, top_stack","004","GAL2023_002",3
"10","Gal2023_DJIMini2_20230201_182219_235.802-10.jpg","Gal2023_DJIMini2_20230201_182219_235.802.png","cropped, ind1, male","004","GAL2023_002",3
"11","Gal2023_DJIMini2_20230201_182219_67.568-11.jpg","Gal2023_DJIMini2_20230201_182219_67.568.png","cropped, ind1, male","004","GAL2023_002",3
"12","Gal2023_DJIMini2_20230208_084058_112.779-12.jpg","Gal2023_DJIMini2_20230208_084058_112.779.png","cropped, ind1, male","005","GAL2023_003",5
"13","Gal2023_DJIMini2_20230208_084058_138.005-13.jpg","Gal2023_DJIMini2_20230208_084058_138.005.png","cropped, ind1, male, top_stack","005","GAL2023_003",5
"14","Gal2023_DJIMini2_20230215_093319.MP4_00_01_39_vlc00002-14.jpg","Gal2023_DJIMini2_20230215_093319.MP4_00_01_39_vlc00002.png","cropped, ind1, top_stack","006","GAL2023_009",4
"15","Gal2023_DJIMini2_20230215_093319_107.574-15.jpg","Gal2023_DJIMini2_20230215_093319_107.574.png","cropped, ind1","006","GAL2023_009",3
"16","Gal2023_DJIMini2_20230215_093319_150.984-16.jpg","Gal2023_DJIMini2_20230215_093319_150.984.png","cropped, horizontal, ind1","006","GAL2023_009",4
"17","Gal2023_DJIMini2_20230215_094557.MP4_00_02_04_vlc00005-17.jpg","Gal2023_DJIMini2_20230215_094557.MP4_00_02_04_vlc00005.png","cropped, horizontal, ind1","007","GAL2023_011",3
"18","Gal2023_DJIMini2_20230215_094557.MP4_00_02_04_vlc00005-18.jpg","Gal2023_DJIMini2_20230215_094557.MP4_00_02_04_vlc00005.png","cropped, horizontal, ind2","008","GAL2023_063",2
"19","Gal2023_DJIMini2_20230215_094557_135.335-19.jpg","Gal2023_DJIMini2_20230215_094557_135.335.png","cropped, horizontal, ind1","007","GAL2023_011",4
"20","Gal2023_DJIMini2_20230215_094557_155.355-20.jpg","Gal2023_DJIMini2_20230215_094557_155.355.png","cropped, horizontal, ind1, multiple_whales","007","GAL2023_011",4
"21","Gal2023_DJIMini2_20230215_094557_155.355-21.jpg","Gal2023_DJIMini2_20230215_094557_155.355.png","cropped, horizontal, ind2, multiple_whales","008","GAL2023_063",3
"22","Gal2023_DJIMini2_20230215_094557_249.516-22.jpg","Gal2023_DJIMini2_20230215_094557_249.516.png","cropped, ind1, multiple_whales, top_stack","007","GAL2023_011",5
"23","Gal2023_DJIMini2_20230215_094557_249.516-23.jpg","Gal2023_DJIMini2_20230215_094557_249.516.png","cropped, ind2, multiple_whales, top_stack","008","GAL2023_063",3
"24","Gal2023_DJIMini2_20230215_094557_70.938-24.jpg","Gal2023_DJIMini2_20230215_094557_70.938.png","cropped, downward, ind1, multiple_whales","007","GAL2023_011",4
"25","Gal2023_DJIMini2_20230215_094557_70.938-25.jpg","Gal2023_DJIMini2_20230215_094557_70.938.png","ind2, multiple_whales","008","GAL2023_063",2
"26","Gal2023_DJIMini2_20230215_101509.MP4_00_06_40_vlc00001-26.jpg","Gal2023_DJIMini2_20230215_101509.MP4_00_06_40_vlc00001.png","cropped, ind1, top_stack","009","GAL2023_010",4
"27","Gal2023_DJIMini2_20230215_101509_271.905-27.jpg","Gal2023_DJIMini2_20230215_101509_271.905.png","cropped, ind1","009","GAL2023_010",3
"28","Gal2023_DJIMini2_20230215_145125.MP4_00_09_30_vlc00007-28.jpg","Gal2023_DJIMini2_20230215_145125.MP4_00_09_30_vlc00007.png","cropped, horizontal, ind1, multiple_whales","010","GAL2023_012",4
"29","Gal2023_DJIMini2_20230215_145125.MP4_00_09_30_vlc00007-29.jpg","Gal2023_DJIMini2_20230215_145125.MP4_00_09_30_vlc00007.png","cropped, horizontal, ind2, multiple_whales, top_stack","011","GAL2023_013",4
"30","Gal2023_DJIMini2_20230215_145125_367.767-30.jpg","Gal2023_DJIMini2_20230215_145125_367.767.png","cropped, horizontal, ind1, multiple_whales, top_stack","010","GAL2023_012",4
"31","Gal2023_DJIMini2_20230215_145125_489.756-31.jpg","Gal2023_DJIMini2_20230215_145125_489.756.png","cropped, horizontal, ind2","011","GAL2023_013",4
"32","Gal2023_DJIMini2_20230215_145125_542.509-32.jpg","Gal2023_DJIMini2_20230215_145125_542.509.png","cropped, horizontal, ind1, multiple_whales","010","GAL2023_012",3
"33","Gal2023_DJIMini2_20230215_145125_542.509-33.jpg","Gal2023_DJIMini2_20230215_145125_542.509.png","cropped, horizontal, ind2, multiple_whales","011","GAL2023_013",3
"34","Gal2023_DJIMini2_20230215_152449.MP4_00_03_05_vlc00003-34.jpg","Gal2023_DJIMini2_20230215_152449.MP4_00_03_05_vlc00003.png","cropped, ind1, multiple_whales","012","GAL2023_012",4
"35","Gal2023_DJIMini2_20230215_152449.MP4_00_03_05_vlc00003-35.jpg","Gal2023_DJIMini2_20230215_152449.MP4_00_03_05_vlc00003.png","cropped, ind2, multiple_whales","013","GAL2023_013",4
"36","Gal2023_DJIMini2_20230215_152449.MP4_00_06_54_vlc00005-36.jpg","Gal2023_DJIMini2_20230215_152449.MP4_00_06_54_vlc00005.png","cropped, ind1, multiple_whales","012","GAL2023_012",3
"37","Gal2023_DJIMini2_20230215_152449.MP4_00_06_54_vlc00005-37.jpg","Gal2023_DJIMini2_20230215_152449.MP4_00_06_54_vlc00005.png","cropped, ind2, multiple_whales","013","GAL2023_013",3
"38","Gal2023_DJIMini2_20230215_152449_230.330-38.jpg","Gal2023_DJIMini2_20230215_152449_230.330.png","cropped, ind1, multiple_whales","012","GAL2023_012",3
"39","Gal2023_DJIMini2_20230215_152449_230.330-39.jpg","Gal2023_DJIMini2_20230215_152449_230.330.png","cropped, ind2, multiple_whales, top_stack","013","GAL2023_013",4
"40","Gal2023_DJIMini2_20230215_152449_414.915-40.jpg","Gal2023_DJIMini2_20230215_152449_414.915.png","cropped, ind1, multiple_whales, top_stack","012","GAL2023_012",4
"41","Gal2023_DJIMini2_20230215_152449_414.915-41.jpg","Gal2023_DJIMini2_20230215_152449_414.915.png","cropped, ind2, multiple_whales","013","GAL2023_013",3
"42","Gal2023_DJIMini2_20230215_152449_445.612-42.jpg","Gal2023_DJIMini2_20230215_152449_445.612.png","cropped, ind1, multiple_whales","012","GAL2023_012",3
"43","Gal2023_DJIMini2_20230215_152449_445.612-43.jpg","Gal2023_DJIMini2_20230215_152449_445.612.png","cropped, ind2, multiple_whales, top_stack","013","GAL2023_013",3
"44","Gal2023_DJIMini2_20230215_155136_106.873-44.jpg","Gal2023_DJIMini2_20230215_155136_106.873.png","cropped, horizontal, ind1","014","GAL2023_014",4
"45","Gal2023_DJIMini2_20230215_155136_126.059-45.jpg","Gal2023_DJIMini2_20230215_155136_126.059.png","cropped, horizontal, ind1, top_stack","014","GAL2023_014",4
"46","Gal2023_DJIMini2_20230215_155136_88.689-46.jpg","Gal2023_DJIMini2_20230215_155136_88.689.png","cropped, ind1","014","GAL2023_014",3
"47","Gal2023_DJIMini2_20230215_174209_126.860-47.jpg","Gal2023_DJIMini2_20230215_174209_126.860.png","cropped, ind3, multiple_whales, top_stack","017","GAL2023_017",3
"48","Gal2023_DJIMini2_20230215_174209_130.163-48.jpg","Gal2023_DJIMini2_20230215_174209_130.163.png","cropped, ind1, multiple_whales, top_stack","015","GAL2023_016",3
"49","Gal2023_DJIMini2_20230215_174209_130.163-49.jpg","Gal2023_DJIMini2_20230215_174209_130.163.png","cropped, ind2, multiple_whales","016","GAL2023_015",3
"50","Gal2023_DJIMini2_20230215_174209_130.163-50.jpg","Gal2023_DJIMini2_20230215_174209_130.163.png","cropped, ind3, multiple_whales","017","GAL2023_017",3
"51","Gal2023_DJIMini2_20230215_174209_434.501-51.jpg","Gal2023_DJIMini2_20230215_174209_434.501.png","cropped, horizontal, ind2, top_stack","016","GAL2023_015",4
"52","Gal2023_DJIMini2_20230215_174209_58.258-52.jpg","Gal2023_DJIMini2_20230215_174209_58.258.png","cropped, ind1, multiple_whales","015","GAL2023_016",3
"53","Gal2023_DJIMini2_20230215_174209_73.874-53.jpg","Gal2023_DJIMini2_20230215_174209_73.874.png","cropped, ind3, multiple_whales","017","GAL2023_017",2
"54","Gal2023_DJIMini2_20230215_174209_96.763-54.jpg","Gal2023_DJIMini2_20230215_174209_96.763.png","cropped, ind1, multiple_whales","015","GAL2023_016",3
"55","Gal2023_DJIMini2_20230215_174209_96.763-55.jpg","Gal2023_DJIMini2_20230215_174209_96.763.png","cropped, ind2, multiple_whales","016","GAL2023_015",2
"56","Gal2023_DJIMini2_20230215_175516_271.705-56.jpg","Gal2023_DJIMini2_20230215_175516_271.705.png","cropped, horizontal, ind1, multiple_whales","018","GAL2023_015",3
"57","Gal2023_DJIMini2_20230215_175516_271.705-57.jpg","Gal2023_DJIMini2_20230215_175516_271.705.png","cropped, horizontal, ind2, multiple_whales","019","GAL2023_018",3
"58","Gal2023_DJIMini2_20230215_175516_272.472-58.jpg","Gal2023_DJIMini2_20230215_175516_272.472.png","cropped, horizontal, ind1, multiple_whales","018","GAL2023_015",3
"59","Gal2023_DJIMini2_20230215_175516_287.254-59.jpg","Gal2023_DJIMini2_20230215_175516_287.254.png","cropped, horizontal, ind2, multiple_whales","019","GAL2023_018",3
"60","Gal2023_DJIMini2_20230215_175516_300.867-60.jpg","Gal2023_DJIMini2_20230215_175516_300.867.png","cropped, horizontal, ind1, multiple_whales, top_stack","018","GAL2023_015",2
"61","Gal2023_DJIMini2_20230215_175516_318.185-61.jpg","Gal2023_DJIMini2_20230215_175516_318.185.png","cropped, horizontal, ind2, multiple_whales","019","GAL2023_018",3
"62","Gal2023_DJIMini2_20230216_093838_34.301-62.jpg","Gal2023_DJIMini2_20230216_093838_34.301.png","cropped, ind1, multiple_whales, top_stack","020","GAL2023_019",2
"63","Gal2023_DJIMini2_20230216_093838_34.301-63.jpg","Gal2023_DJIMini2_20230216_093838_34.301.png","cropped, ind2, multiple_whales","021","GAL2023_020",4
"64","Gal2023_DJIMini2_20230216_093838_37.571-64.jpg","Gal2023_DJIMini2_20230216_093838_37.571.png","cropped, ind1, multiple_whales","020","GAL2023_019",4
"65","Gal2023_DJIMini2_20230216_093838_37.571-65.jpg","Gal2023_DJIMini2_20230216_093838_37.571.png","cropped, ind2, multiple_whales, top_stack","021","GAL2023_020",4
"66","Gal2023_DJIMini2_20230217_150226_107.941-66.jpg","Gal2023_DJIMini2_20230217_150226_107.941.png","cropped, ind1, multiple_whales, top_stack","022",NA,1
"67","Gal2023_DJIMini2_20230217_150226_107.941-67.jpg","Gal2023_DJIMini2_20230217_150226_107.941.png","cropped, ind2, multiple_whales","023",NA,1
"68","Gal2023_DJIMini2_20230217_150226_107.941-68.jpg","Gal2023_DJIMini2_20230217_150226_107.941.png","cropped, ind3, multiple_whales","024",NA,1
"69","Gal2023_DJIMini2_20230217_150226_107.941-69.jpg","Gal2023_DJIMini2_20230217_150226_107.941.png","cropped, ind4, multiple_whales","025",NA,1
"70","Gal2023_DJIMini2_20230217_150226_85.986-70.jpg","Gal2023_DJIMini2_20230217_150226_85.986.png","cropped, ind1, multiple_whales","022",NA,1
"71","Gal2023_DJIMini2_20230217_150226_85.986-71.jpg","Gal2023_DJIMini2_20230217_150226_85.986.png","cropped, ind2, multiple_whales, top_stack","023",NA,1
"72","Gal2023_DJIMini2_20230217_150226_85.986-72.jpg","Gal2023_DJIMini2_20230217_150226_85.986.png","cropped, ind3, multiple_whales, top_stack","024",NA,1
"73","Gal2023_DJIMini2_20230217_150226_85.986-73.jpg","Gal2023_DJIMini2_20230217_150226_85.986.png","cropped, ind4, multiple_whales, top_stack","025",NA,1
"74","Gal2023_DJIMini2_20230217_150226_85.986-74.jpg","Gal2023_DJIMini2_20230217_150226_85.986.png","cropped, ind5, multiple_whales, top_stack","026",NA,1
"75","Gal2023_DJIMini2_20230217_152121_191.491-75.jpg","Gal2023_DJIMini2_20230217_152121_191.491.png","cropped, ind1, multiple_whales, top_stack","027",NA,2
"76","Gal2023_DJIMini2_20230217_152121_191.491-76.jpg","Gal2023_DJIMini2_20230217_152121_191.491.png","cropped, ind2, multiple_whales","028",NA,2
"77","Gal2023_DJIMini2_20230217_152121_195.662-77.jpg","Gal2023_DJIMini2_20230217_152121_195.662.png","cropped, ind1, multiple_whales","027",NA,2
"78","Gal2023_DJIMini2_20230217_152121_195.662-78.jpg","Gal2023_DJIMini2_20230217_152121_195.662.png","cropped, ind2, multiple_whales, top_stack","028",NA,2
"79","Gal2023_DJIMini2_20230217_152121_207.474-79.jpg","Gal2023_DJIMini2_20230217_152121_207.474.png","cropped, ind1, multiple_whales","027",NA,2
"80","Gal2023_DJIMini2_20230217_152121_207.474-80.jpg","Gal2023_DJIMini2_20230217_152121_207.474.png","cropped, ind2, multiple_whales","028",NA,2
"81","Gal2023_DJIMini2_20230217_152121_344.244-81.jpg","Gal2023_DJIMini2_20230217_152121_344.244.png","cropped, ind3, multiple_whales","029","GAL2023_021",3
"82","Gal2023_DJIMini2_20230217_152121_350.584-82.jpg","Gal2023_DJIMini2_20230217_152121_350.584.png","cropped, ind3, multiple_whales","029","GAL2023_021",4
"83","Gal2023_DJIMini2_20230217_152121_363.129-83.jpg","Gal2023_DJIMini2_20230217_152121_363.129.png","cropped, ind3, multiple_whales, top_stack","029","GAL2023_021",4
"84","Gal2023_DJIMini2_20230217_152121_378.445-84.jpg","Gal2023_DJIMini2_20230217_152121_378.445.png","cropped, ind4, multiple_whales, top_stack","030","GAL2023_022",4
"85","Gal2023_DJIMini2_20230217_152121_388.755-85.jpg","Gal2023_DJIMini2_20230217_152121_388.755.png","cropped, eyeball, ind4, multiple_whales","030","GAL2023_022",4
"86","Gal2023_DJIMini2_20230217_152121_405.572-86.jpg","Gal2023_DJIMini2_20230217_152121_405.572.png","cropped, ind4, multiple_whales","030","GAL2023_022",3
"87","Gal2023_DJIMini2_20230217_154240_278.411-87.jpg","Gal2023_DJIMini2_20230217_154240_278.411.png","cropped, ind1, multiple_whales","031",NA,2
"88","Gal2023_DJIMini2_20230217_154240_301.468-88.jpg","Gal2023_DJIMini2_20230217_154240_301.468.png","cropped, ind1, multiple_whales","031",NA,2
"89","Gal2023_DJIMini2_20230217_154240_338.672-89.jpg","Gal2023_DJIMini2_20230217_154240_338.672.png","cropped, ind1, multiple_whales, top_stack","031",NA,2
"90","Gal2023_DJIMini2_20230217_155721_488.355-90.jpg","Gal2023_DJIMini2_20230217_155721_488.355.png","cropped, ind1, multiple_whales","032","GAL2023_023",2
"91","Gal2023_DJIMini2_20230217_155721_488.355-91.jpg","Gal2023_DJIMini2_20230217_155721_488.355.png","cropped, ind2, multiple_whales","033",NA,2
"92","Gal2023_DJIMini2_20230217_155721_535.935-92.jpg","Gal2023_DJIMini2_20230217_155721_535.935.png","cropped, ind1, multiple_whales","032","GAL2023_023",4
"93","Gal2023_DJIMini2_20230217_155721_535.935-93.jpg","Gal2023_DJIMini2_20230217_155721_535.935.png","cropped, ind2, multiple_whales","033",NA,2
"94","Gal2023_DJIMini2_20230217_155721_548.281-94.jpg","Gal2023_DJIMini2_20230217_155721_548.281.png","cropped, ind1, multiple_whales, top_stack","032","GAL2023_023",4
"95","Gal2023_DJIMini2_20230217_155721_548.281-95.jpg","Gal2023_DJIMini2_20230217_155721_548.281.png","cropped, ind2, multiple_whales, top_stack","033",NA,2
"96","Gal2023_DJIMini2_20230217_161415_100.601-96.jpg","Gal2023_DJIMini2_20230217_161415_100.601.png","cropped, horizontal, ind1, multiple_whales","034",NA,1
"97","Gal2023_DJIMini2_20230217_161415_113.780-97.jpg","Gal2023_DJIMini2_20230217_161415_113.780.png","cropped, horizontal, ind2, multiple_whales, top_stack","035",NA,2
"98","Gal2023_DJIMini2_20230217_161415_147.514-98.jpg","Gal2023_DJIMini2_20230217_161415_147.514.png","cropped, horizontal, ind1, multiple_whales","034",NA,1
"99","Gal2023_DJIMini2_20230217_161415_177.577-99.jpg","Gal2023_DJIMini2_20230217_161415_177.577.png","cropped, horizontal, ind2, multiple_whales","035",NA,2
"100","Gal2023_DJIMini2_20230217_161415_194.261-100.jpg","Gal2023_DJIMini2_20230217_161415_194.261.png","cropped, horizontal, ind2, multiple_whales","035",NA,2
"101","Gal2023_DJIMini2_20230217_161415_295.295-101.jpg","Gal2023_DJIMini2_20230217_161415_295.295.png","cropped, horizontal, ind1, multiple_whales, top_stack","034",NA,2
"102","Gal2023_DJIMini2_20230217_161415_301.868-102.jpg","Gal2023_DJIMini2_20230217_161415_301.868.png","cropped, horizontal, ind3, multiple_whales","036","GAL2023_024",3
"103","Gal2023_DJIMini2_20230217_161415_317.651-103.jpg","Gal2023_DJIMini2_20230217_161415_317.651.png","cropped, horizontal, ind3, multiple_whales, top_stack","036","GAL2023_024",3
"104","Gal2023_DJIMini2_20230217_161415_327.460-104.jpg","Gal2023_DJIMini2_20230217_161415_327.460.png","cropped, horizontal, ind4, multiple_whales, top_stack","037",NA,2
"105","Gal2023_DJIMini2_20230217_161415_338.872-105.jpg","Gal2023_DJIMini2_20230217_161415_338.872.png","cropped, horizontal, ind3, multiple_whales","036","GAL2023_024",3
"106","Gal2023_DJIMini2_20230217_161415_338.872-106.jpg","Gal2023_DJIMini2_20230217_161415_338.872.png","cropped, horizontal, ind4, multiple_whales","037",NA,2
"107","Gal2023_DJIMini2_20230217_161415_464.297-107.jpg","Gal2023_DJIMini2_20230217_161415_464.297.png","cropped, ind4, multiple_whales","037",NA,1
"108","Gal2023_DJIMini2_20230217_161415_93.427-108.jpg","Gal2023_DJIMini2_20230217_161415_93.427.png","cropped, horizontal, ind1, multiple_whales","034",NA,1
"109","Gal2023_DJIMini2_20230217_163227_171.838-109.jpg","Gal2023_DJIMini2_20230217_163227_171.838.png","cropped, ind1, multiple_whales","038","GAL2023_025",2
"110","Gal2023_DJIMini2_20230217_163227_171.838-110.jpg","Gal2023_DJIMini2_20230217_163227_171.838.png","cropped, ind2, multiple_whales","039","GAL2023_026",3
"111","Gal2023_DJIMini2_20230217_163227_221.555-111.jpg","Gal2023_DJIMini2_20230217_163227_221.555.png","cropped, ind1, multiple_whales","038","GAL2023_025",1
"112","Gal2023_DJIMini2_20230217_163227_221.555-112.jpg","Gal2023_DJIMini2_20230217_163227_221.555.png","cropped, ind2, multiple_whales","039","GAL2023_026",1
"113","Gal2023_DJIMini2_20230217_163227_221.555-113.jpg","Gal2023_DJIMini2_20230217_163227_221.555.png","cropped, ind3, multiple_whales","040","GAL2023_027",1
"114","Gal2023_DJIMini2_20230217_163227_429.329-114.jpg","Gal2023_DJIMini2_20230217_163227_429.329.png","cropped, ind1, multiple_whales, top_stack","038","GAL2023_025",5
"115","Gal2023_DJIMini2_20230217_163227_429.329-115.jpg","Gal2023_DJIMini2_20230217_163227_429.329.png","cropped, ind3, multiple_whales","040","GAL2023_027",5
"116","Gal2023_DJIMini2_20230217_163227_437.737-116.jpg","Gal2023_DJIMini2_20230217_163227_437.737.png","cropped, ind2, multiple_whales, top_stack","039","GAL2023_026",4
"117","Gal2023_DJIMini2_20230217_163227_447.447-119.jpg","Gal2023_DJIMini2_20230217_163227_447.447.png","cropped, ind3, multiple_whales, top_stack","040","GAL2023_027",5
"118","Gal2023_DJIMini2_20230217_163227_66.934-117.jpg","Gal2023_DJIMini2_20230217_163227_66.934.png","cropped, ind1, multiple_whales","038","GAL2023_025",1
"119","Gal2023_DJIMini2_20230217_163227_66.934-118.jpg","Gal2023_DJIMini2_20230217_163227_66.934.png","cropped, ind2, multiple_whales","039","GAL2023_026",1
"120","Gal2023_DJIMini2_20230217_164752_154.154-120.jpg","Gal2023_DJIMini2_20230217_164752_154.154.png","cropped, ind1","041","GAL2023_028",1
"121","Gal2023_DJIMini2_20230217_164752_275.709-121.jpg","Gal2023_DJIMini2_20230217_164752_275.709.png","cropped, horizontal, ind1, top_stack","041","GAL2023_028",4
"122","Gal2023_DJIMini2_20230217_164752_437.837-122.jpg","Gal2023_DJIMini2_20230217_164752_437.837.png","cropped, ind1","041","GAL2023_028",4
"123","Gal2023_DJIMini2_20230218_084819_301.401-123.jpg","Gal2023_DJIMini2_20230218_084819_301.401.png","cropped, ind1, multiple_whales","132",NA,2
"124","Gal2023_DJIMini2_20230218_084819_315.482-124.jpg","Gal2023_DJIMini2_20230218_084819_315.482.png","cropped, ind1, multiple_whales, top_stack","132",NA,2
"125","Gal2023_DJIMini2_20230218_084819_323.456-125.jpg","Gal2023_DJIMini2_20230218_084819_323.456.png","cropped, ind1, multiple_whales","132",NA,2
"126","Gal2023_DJIMini2_20230218_150400_127.194-126.jpg","Gal2023_DJIMini2_20230218_150400_127.194.png","cropped, ind1, multiple_whales, top_stack","042",NA,1
"127","Gal2023_DJIMini2_20230218_150400_127.194-127.jpg","Gal2023_DJIMini2_20230218_150400_127.194.png","cropped, ind2, multiple_whales, top_stack","043",NA,1
"128","Gal2023_DJIMini2_20230218_150400_133.400-128.jpg","Gal2023_DJIMini2_20230218_150400_133.400.png","cropped, ind1, multiple_whales","042",NA,1
"129","Gal2023_DJIMini2_20230218_150400_133.400-129.jpg","Gal2023_DJIMini2_20230218_150400_133.400.png","cropped, ind2, multiple_whales","043",NA,1
"130","Gal2023_DJIMini2_20230218_150400_142.909-130.jpg","Gal2023_DJIMini2_20230218_150400_142.909.png","cropped, ind1, multiple_whales","042",NA,1
"131","Gal2023_DJIMini2_20230218_150400_142.909-131.jpg","Gal2023_DJIMini2_20230218_150400_142.909.png","cropped, ind2, multiple_whales","043",NA,1
"132","Gal2023_DJIMini2_20230218_150400_311.878-132.jpg","Gal2023_DJIMini2_20230218_150400_311.878.png","cropped, horizontal, ind3, multiple_whales","044","GAL2023_029",2
"133","Gal2023_DJIMini2_20230218_150400_350.550-133.jpg","Gal2023_DJIMini2_20230218_150400_350.550.png","cropped, horizontal, ind3, multiple_whales, top_stack","044","GAL2023_029",3
"134","Gal2023_DJIMini2_20230218_150400_360.727-134.jpg","Gal2023_DJIMini2_20230218_150400_360.727.png","cropped, horizontal, ind3, multiple_whales","044","GAL2023_029",2
"135","Gal2023_DJIMini2_20230218_162045_300.634-135.jpg","Gal2023_DJIMini2_20230218_162045_300.634.png","cropped, ind1, multiple_whales, top_stack","045",NA,1
"136","Gal2023_DJIMini2_20230218_162045_300.634-136.jpg","Gal2023_DJIMini2_20230218_162045_300.634.png","cropped, ind2, multiple_whales","046",NA,1
"137","Gal2023_DJIMini2_20230218_162045_318.618-137.jpg","Gal2023_DJIMini2_20230218_162045_318.618.png","cropped, ind2, multiple_whales, top_stack","046",NA,1
"138","Gal2023_DJIMini2_20230218_162045_324.958-138.jpg","Gal2023_DJIMini2_20230218_162045_324.958.png","cropped, ind1, multiple_whales","045",NA,1
"139","Gal2023_DJIMini2_20230218_162045_324.958-139.jpg","Gal2023_DJIMini2_20230218_162045_324.958.png","cropped, ind2, multiple_whales","046",NA,1
"140","Gal2023_DJIMini2_20230218_162045_99.032-140.jpg","Gal2023_DJIMini2_20230218_162045_99.032.png","cropped, ind1, multiple_whales","045",NA,1
"141","Gal2023_DJIMini2_20230220_074820_106.873-141.jpg","Gal2023_DJIMini2_20230220_074820_106.873.png","cropped, ind1, multiple_whales","047","GAL2023_030",3
"142","Gal2023_DJIMini2_20230220_074820_121.254-142.jpg","Gal2023_DJIMini2_20230220_074820_121.254.png","cropped, ind1, multiple_whales, top_stack","047","GAL2023_030",3
"143","Gal2023_DJIMini2_20230220_074820_121.254-143.jpg","Gal2023_DJIMini2_20230220_074820_121.254.png","cropped, ind2, juanito, multiple_whales, top_stack","048","GAL2023_031",3
"144","Gal2023_DJIMini2_20230220_074820_164.998-144.jpg","Gal2023_DJIMini2_20230220_074820_164.998.png","cropped, ind2, juanito, multiple_whales","048","GAL2023_031",2
"145","Gal2023_DJIMini2_20230220_074820_223.790-145.jpg","Gal2023_DJIMini2_20230220_074820_223.790.png","cropped, horizontal, ind3, multiple_whales","049","GAL2023_064",2
"146","Gal2023_DJIMini2_20230220_074820_256.757-146.jpg","Gal2023_DJIMini2_20230220_074820_256.757.png","cropped, ind3, multiple_whales, top_stack","049","GAL2023_064",3
"147","Gal2023_DJIMini2_20230220_074820_264.364-147.jpg","Gal2023_DJIMini2_20230220_074820_264.364.png","cropped, ind3, multiple_whales","049","GAL2023_064",3
"148","Gal2023_DJIMini2_20230220_074820_43.577-148.jpg","Gal2023_DJIMini2_20230220_074820_43.577.png","cropped, ind1, multiple_whales","047","GAL2023_030",2
"149","Gal2023_DJIMini2_20230220_080403_117.851-149.jpg","Gal2023_DJIMini2_20230220_080403_117.851.png","cropped, horizontal, ind1, multiple_whales","050","GAL2023_032",2
"150","Gal2023_DJIMini2_20230220_080403_139.172-150.jpg","Gal2023_DJIMini2_20230220_080403_139.172.png","cropped, horizontal, ind3, multiple_whales, top_stack","052",NA,2
"151","Gal2023_DJIMini2_20230220_080403_193.460-151.jpg","Gal2023_DJIMini2_20230220_080403_193.460.png","cropped, horizontal, ind3, multiple_whales","052",NA,2
"152","Gal2023_DJIMini2_20230220_080403_224.124-152.jpg","Gal2023_DJIMini2_20230220_080403_224.124.png","cropped, horizontal, ind2, juanito, multiple_whales","051","GAL2023_031",1
"153","Gal2023_DJIMini2_20230220_080403_224.124-153.jpg","Gal2023_DJIMini2_20230220_080403_224.124.png","cropped, horizontal, ind3, multiple_whales","052",NA,2
"154","Gal2023_DJIMini2_20230220_080403_265.465-154.jpg","Gal2023_DJIMini2_20230220_080403_265.465.png","cropped, horizontal, ind2, juanito, multiple_whales","051","GAL2023_031",1
"155","Gal2023_DJIMini2_20230220_080403_582.682-155.jpg","Gal2023_DJIMini2_20230220_080403_582.682.png","cropped, horizontal, ind4, multiple_whales","053",NA,2
"156","Gal2023_DJIMini2_20230220_080403_596.529-160.jpg","Gal2023_DJIMini2_20230220_080403_596.529.png","cropped, horizontal, ind4, multiple_whales","053",NA,2
"157","Gal2023_DJIMini2_20230220_080403_602.235-156.jpg","Gal2023_DJIMini2_20230220_080403_602.235.png","cropped, horizontal, ind2, juanito, multiple_whales, top_stack","051","GAL2023_031",2
"158","Gal2023_DJIMini2_20230220_080403_602.235-157.jpg","Gal2023_DJIMini2_20230220_080403_602.235.png","cropped, horizontal, ind4, multiple_whales, top_stack","053",NA,2
"159","Gal2023_DJIMini2_20230220_080403_81.882-158.jpg","Gal2023_DJIMini2_20230220_080403_81.882.png","cropped, ind1, multiple_whales","050","GAL2023_032",2
"160","Gal2023_DJIMini2_20230220_080403_96.163-159.jpg","Gal2023_DJIMini2_20230220_080403_96.163.png","cropped, ind1, multiple_whales, top_stack","050","GAL2023_032",2
"161","Gal2023_DJIMini2_20230220_084321_162.629-161.jpg","Gal2023_DJIMini2_20230220_084321_162.629.png","cropped, horizontal, ind1, multiple_whales","054",NA,2
"162","Gal2023_DJIMini2_20230220_084321_180.414-162.jpg","Gal2023_DJIMini2_20230220_084321_180.414.png","cropped, horizontal, ind1, multiple_whales, top_stack","054",NA,2
"163","Gal2023_DJIMini2_20230220_084321_277.410-163.jpg","Gal2023_DJIMini2_20230220_084321_277.410.png","cropped, ind2, juanito, multiple_whales, top_stack","055","GAL2023_031",1
"164","Gal2023_DJIMini2_20230220_084321_354.221-164.jpg","Gal2023_DJIMini2_20230220_084321_354.221.png","cropped, ind2, juanito, multiple_whales","055","GAL2023_031",1
"165","Gal2023_DJIMini2_20230220_084321_451.818-165.jpg","Gal2023_DJIMini2_20230220_084321_451.818.png","cropped, ind3, multiple_whales","056",NA,2
"166","Gal2023_DJIMini2_20230220_084321_479.913-166.jpg","Gal2023_DJIMini2_20230220_084321_479.913.png","cropped, horizontal, ind3, multiple_whales, top_stack","056",NA,2
"167","Gal2023_DJIMini2_20230220_084321_496.963-167.jpg","Gal2023_DJIMini2_20230220_084321_496.963.png","cropped, horizontal, ind3, multiple_whales","056",NA,2
"168","Gal2023_DJIMini2_20230220_084321_89.890-168.jpg","Gal2023_DJIMini2_20230220_084321_89.890.png","cropped, horizontal, ind1, multiple_whales","054",NA,2
"169","Gal2023_DJIMini2_20230220_133246_185.652-169.jpg","Gal2023_DJIMini2_20230220_133246_185.652.png","cropped, ind1, multiple_whales","057",NA,1
"170","Gal2023_DJIMini2_20230220_133246_202.002-170.jpg","Gal2023_DJIMini2_20230220_133246_202.002.png","cropped, ind1, multiple_whales","057",NA,1
"171","Gal2023_DJIMini2_20230220_133246_223.590-171.jpg","Gal2023_DJIMini2_20230220_133246_223.590.png","cropped, ind1, multiple_whales, top_stack","057",NA,1
"172","Gal2023_DJIMini2_20230220_134924_478.645-175.jpg","Gal2023_DJIMini2_20230220_134924_478.645.png","cropped, horizontal, ind2, multiple_whales, top_stack","059","GAL2023_034",4
"173","Gal2023_DJIMini2_20230220_134924_481.081-172.jpg","Gal2023_DJIMini2_20230220_134924_481.081.png","cropped, horizontal, ind1, multiple_whales","058","GAL2023_033",4
"174","Gal2023_DJIMini2_20230220_134924_486.319-173.jpg","Gal2023_DJIMini2_20230220_134924_486.319.png","cropped, horizontal, ind1, multiple_whales, top_stack","058","GAL2023_033",5
"175","Gal2023_DJIMini2_20230220_134924_496.296-174.jpg","Gal2023_DJIMini2_20230220_134924_496.296.png","cropped, horizontal, ind1, multiple_whales","058","GAL2023_033",3
"176","Gal2023_DJIMini2_20230220_134924_508.408-176.jpg","Gal2023_DJIMini2_20230220_134924_508.408.png","cropped, horizontal, ind2, multiple_whales","059","GAL2023_034",4
"177","Gal2023_DJIMini2_20230220_134924_526.993-177.jpg","Gal2023_DJIMini2_20230220_134924_526.993.png","cropped, horizontal, ind2, multiple_whales","059","GAL2023_034",3
"178","Gal2023_DJIMini2_20230220_151411_114.715-178.jpg","Gal2023_DJIMini2_20230220_151411_114.715.png","cropped, horizontal, ind1, multiple_whales","060",NA,1
"179","Gal2023_DJIMini2_20230220_151411_132.699-179.jpg","Gal2023_DJIMini2_20230220_151411_132.699.png","cropped, horizontal, ind1, multiple_whales","060",NA,1
"180","Gal2023_DJIMini2_20230220_151411_132.699-180.jpg","Gal2023_DJIMini2_20230220_151411_132.699.png","cropped, horizontal, ind2, multiple_whales","061",NA,1
"181","Gal2023_DJIMini2_20230220_151411_138.338-181.jpg","Gal2023_DJIMini2_20230220_151411_138.338.png","cropped, horizontal, ind1, multiple_whales, top_stack","060",NA,1
"182","Gal2023_DJIMini2_20230220_151411_138.338-182.jpg","Gal2023_DJIMini2_20230220_151411_138.338.png","cropped, horizontal, ind2, multiple_whales","061",NA,1
"183","Gal2023_DJIMini2_20230220_151411_179.913-183.jpg","Gal2023_DJIMini2_20230220_151411_179.913.png","cropped, horizontal, ind2, multiple_whales, top_stack","061",NA,2
"184","Gal2023_DJIMini2_20230221_072412_122.255-184.jpg","Gal2023_DJIMini2_20230221_072412_122.255.png","cropped, horizontal, ind1, juanito, multiple_whales","062","GAL2023_031",1
"185","Gal2023_DJIMini2_20230221_072412_176.309-185.jpg","Gal2023_DJIMini2_20230221_072412_176.309.png","cropped, ind2, multiple_whales, top_stack","063",NA,2
"186","Gal2023_DJIMini2_20230221_072412_186.453-186.jpg","Gal2023_DJIMini2_20230221_072412_186.453.png","cropped, ind2, multiple_whales","063",NA,2
"187","Gal2023_DJIMini2_20230221_072412_201.535-187.jpg","Gal2023_DJIMini2_20230221_072412_201.535.png","cropped, ind2, multiple_whales","063",NA,2
"188","Gal2023_DJIMini2_20230221_072412_201.535-188.jpg","Gal2023_DJIMini2_20230221_072412_201.535.png","cropped, ind3, multiple_whales, top_stack","064",NA,2
"189","Gal2023_DJIMini2_20230221_072412_224.591-189.jpg","Gal2023_DJIMini2_20230221_072412_224.591.png","cropped, ind1, juanito, multiple_whales, top_stack","062","GAL2023_031",1
"190","Gal2023_DJIMini2_20230221_072412_224.591-190.jpg","Gal2023_DJIMini2_20230221_072412_224.591.png","cropped, ind3, multiple_whales","064",NA,2
"191","Gal2023_DJIMini2_20230221_072412_239.439-191.jpg","Gal2023_DJIMini2_20230221_072412_239.439.png","cropped, ind3, multiple_whales","064",NA,2
"192","Gal2023_DJIMini2_20230221_072412_476.142-192.jpg","Gal2023_DJIMini2_20230221_072412_476.142.png","cropped, ind1, juanito, multiple_whales","062","GAL2023_031",1
"193","Gal2023_DJIMini2_20230221_095010_402.802-193.jpg","Gal2023_DJIMini2_20230221_095010_402.802.png","cropped, horizontal, ind1, multiple_whales","065",NA,1
"194","Gal2023_DJIMini2_20230221_095010_425.292-194.jpg","Gal2023_DJIMini2_20230221_095010_425.292.png","cropped, horizontal, ind1, multiple_whales","065",NA,1
"195","Gal2023_DJIMini2_20230221_095010_425.292-195.jpg","Gal2023_DJIMini2_20230221_095010_425.292.png","cropped, horizontal, ind2, multiple_whales","066",NA,2
"196","Gal2023_DJIMini2_20230221_095010_438.004-196.jpg","Gal2023_DJIMini2_20230221_095010_438.004.png","cropped, horizontal, ind2, multiple_whales","066",NA,2
"197","Gal2023_DJIMini2_20230221_095010_448.448-197.jpg","Gal2023_DJIMini2_20230221_095010_448.448.png","cropped, horizontal, ind1, multiple_whales, top_stack","065",NA,1
"198","Gal2023_DJIMini2_20230221_095010_448.448-198.jpg","Gal2023_DJIMini2_20230221_095010_448.448.png","cropped, horizontal, ind2, multiple_whales, top_stack","066",NA,2
"199","Gal2023_DJIMini2_20230221_144615_499.366-199.jpg","Gal2023_DJIMini2_20230221_144615_499.366.png","cropped, horizontal, ind1, juanito, multiple_whales","067","GAL2023_031",1
"200","Gal2023_DJIMini2_20230221_144615_499.366-200.jpg","Gal2023_DJIMini2_20230221_144615_499.366.png","cropped, horizontal, ind2, multiple_whales","068","GAL2023_035",2
"201","Gal2023_DJIMini2_20230221_144615_535.468-201.jpg","Gal2023_DJIMini2_20230221_144615_535.468.png","cropped, horizontal, ind1, juanito, multiple_whales, top_stack","067","GAL2023_031",2
"202","Gal2023_DJIMini2_20230221_144615_535.468-202.jpg","Gal2023_DJIMini2_20230221_144615_535.468.png","cropped, horizontal, ind2, multiple_whales","068","GAL2023_035",3
"203","Gal2023_DJIMini2_20230221_144615_559.893-203.jpg","Gal2023_DJIMini2_20230221_144615_559.893.png","cropped, horizontal, ind2, multiple_whales, top_stack","068","GAL2023_035",3
"204","Gal2023_DJIMini2_20230221_144615_588.521-204.jpg","Gal2023_DJIMini2_20230221_144615_588.521.png","cropped, ind1, juanito, multiple_whales","067","GAL2023_031",1
"205","Gal2023_DJIMini2_20230222_083900_130.564-205.jpg","Gal2023_DJIMini2_20230222_083900_130.564.png","cropped, horizontal, ind1","069","GAL2023_036",2
"206","Gal2023_DJIMini2_20230222_083900_146.480-206.jpg","Gal2023_DJIMini2_20230222_083900_146.480.png","cropped, horizontal, ind1, top_stack","069","GAL2023_036",3
"207","Gal2023_DJIMini2_20230222_083900_72.306-207.jpg","Gal2023_DJIMini2_20230222_083900_72.306.png","cropped, horizontal, ind1","069","GAL2023_036",2
"208","Gal2023_DJIMini2_20230222_101504_159.092-208.jpg","Gal2023_DJIMini2_20230222_101504_159.092.png","cropped, horizontal, ind1","070","GAL2023_036",3
"209","Gal2023_DJIMini2_20230222_101504_194.261-209.jpg","Gal2023_DJIMini2_20230222_101504_194.261.png","cropped, horizontal, ind1","070","GAL2023_036",3
"210","Gal2023_DJIMini2_20230222_101504_382.882-210.jpg","Gal2023_DJIMini2_20230222_101504_382.882.png","cropped, horizontal, ind1, top_stack","070","GAL2023_036",3
"211","Gal2023_DJIMini2_20230222_154059_155.455-211.jpg","Gal2023_DJIMini2_20230222_154059_155.455.png","cropped, ind1, multiple_whales","071",NA,2
"212","Gal2023_DJIMini2_20230222_154059_190.590-212.jpg","Gal2023_DJIMini2_20230222_154059_190.590.png","cropped, ind2, top_stack","072","GAL2023_037",3
"213","Gal2023_DJIMini2_20230222_154059_221.221-213.jpg","Gal2023_DJIMini2_20230222_154059_221.221.png","cropped, downward, horizontal, ind2, multiple_whales","072","GAL2023_037",2
"214","Gal2023_DJIMini2_20230222_154059_243.110-214.jpg","Gal2023_DJIMini2_20230222_154059_243.110.png","cropped, downward, horizontal, ind1, multiple_whales, top_stack","071",NA,2
"215","Gal2023_DJIMini2_20230222_154059_99.833-215.jpg","Gal2023_DJIMini2_20230222_154059_99.833.png","cropped, ind1, multiple_whales","071",NA,1
"216","Gal2023_DJIMini2_20230222_154059_99.833-216.jpg","Gal2023_DJIMini2_20230222_154059_99.833.png","cropped, ind2, multiple_whales","072","GAL2023_037",1
"217","Gal2023_DJIMini2_20230223_073130_152.986-217.jpg","Gal2023_DJIMini2_20230223_073130_152.986.png","cropped, horizontal, ind1, multiple_whales, top_stack","073","GAL2023_038",3
"218","Gal2023_DJIMini2_20230223_073130_152.986-218.jpg","Gal2023_DJIMini2_20230223_073130_152.986.png","cropped, horizontal, ind3, multiple_whales","075",NA,2
"219","Gal2023_DJIMini2_20230223_073130_164.264-219.jpg","Gal2023_DJIMini2_20230223_073130_164.264.png","cropped, horizontal, ind1, multiple_whales","073","GAL2023_038",3
"220","Gal2023_DJIMini2_20230223_073130_167.134-220.jpg","Gal2023_DJIMini2_20230223_073130_167.134.png","cropped, horizontal, ind3, multiple_whales, top_stack","075",NA,2
"221","Gal2023_DJIMini2_20230223_073130_238.972-221.jpg","Gal2023_DJIMini2_20230223_073130_238.972.png","cropped, ind1, multiple_whales","073","GAL2023_038",2
"222","Gal2023_DJIMini2_20230223_073130_238.972-222.jpg","Gal2023_DJIMini2_20230223_073130_238.972.png","cropped, ind2, multiple_whales, top_stack","074",NA,2
"223","Gal2023_DJIMini2_20230223_073130_238.972-223.jpg","Gal2023_DJIMini2_20230223_073130_238.972.png","cropped, ind3, multiple_whales","075",NA,2
"224","Gal2023_DJIMini2_20230223_073130_250.851-224.jpg","Gal2023_DJIMini2_20230223_073130_250.851.png","cropped, ind2, multiple_whales","074",NA,2
"225","Gal2023_DJIMini2_20230223_073130_268.435-225.jpg","Gal2023_DJIMini2_20230223_073130_268.435.png","cropped, ind2, multiple_whales","074",NA,2
"226","Gal2023_DJIMini2_20230223_102801_123.957-226.jpg","Gal2023_DJIMini2_20230223_102801_123.957.png","cropped, ind1","076",NA,1
"227","Gal2023_DJIMini2_20230223_102801_135.936-227.jpg","Gal2023_DJIMini2_20230223_102801_135.936.png","cropped, horizontal, ind1","076",NA,1
"228","Gal2023_DJIMini2_20230223_102801_153.487-228.jpg","Gal2023_DJIMini2_20230223_102801_153.487.png","cropped, horizontal, ind1, top_stack","076",NA,2
"229","Gal2023_DJIMini2_20230223_151836_285.919-229.jpg","Gal2023_DJIMini2_20230223_151836_285.919.png","cropped, ind1, multiple_whales","077",NA,2
"230","Gal2023_DJIMini2_20230223_151836_285.919-230.jpg","Gal2023_DJIMini2_20230223_151836_285.919.png","cropped, ind2, multiple_whales, top_stack","078",NA,2
"231","Gal2023_DJIMini2_20230223_151836_301.968-231.jpg","Gal2023_DJIMini2_20230223_151836_301.968.png","cropped, ind1, multiple_whales, top_stack","077",NA,2
"232","Gal2023_DJIMini2_20230223_151836_301.968-232.jpg","Gal2023_DJIMini2_20230223_151836_301.968.png","cropped, ind2, multiple_whales","078",NA,2
"233","Gal2023_DJIMini2_20230223_151836_317.517-233.jpg","Gal2023_DJIMini2_20230223_151836_317.517.png","cropped, ind1, multiple_whales","077",NA,2
"234","Gal2023_DJIMini2_20230223_151836_317.517-234.jpg","Gal2023_DJIMini2_20230223_151836_317.517.png","cropped, ind2, multiple_whales","078",NA,2
"235","Gal2023_DJIMini2_20230322_083716_107.307-235.jpg","Gal2023_DJIMini2_20230322_083716_107.307.png","cropped, ind1, multiple_whales, top_stack","079",NA,2
"236","Gal2023_DJIMini2_20230322_083716_107.307-236.jpg","Gal2023_DJIMini2_20230322_083716_107.307.png","cropped, ind2, multiple_whales","080",NA,2
"237","Gal2023_DJIMini2_20230322_083716_107.307-237.jpg","Gal2023_DJIMini2_20230322_083716_107.307.png","cropped, ind3, multiple_whales","081",NA,2
"238","Gal2023_DJIMini2_20230322_083716_119.953-238.jpg","Gal2023_DJIMini2_20230322_083716_119.953.png","cropped, ind1, multiple_whales","079",NA,2
"239","Gal2023_DJIMini2_20230322_083716_119.953-239.jpg","Gal2023_DJIMini2_20230322_083716_119.953.png","cropped, ind2, multiple_whales, top_stack","080",NA,2
"240","Gal2023_DJIMini2_20230322_083716_119.953-240.jpg","Gal2023_DJIMini2_20230322_083716_119.953.png","cropped, ind3, multiple_whales","081",NA,2
"241","Gal2023_DJIMini2_20230322_083716_92.726-241.jpg","Gal2023_DJIMini2_20230322_083716_92.726.png","cropped, ind1, multiple_whales","079",NA,2
"242","Gal2023_DJIMini2_20230322_083716_92.726-242.jpg","Gal2023_DJIMini2_20230322_083716_92.726.png","cropped, ind2, multiple_whales","080",NA,2
"243","Gal2023_DJIMini2_20230322_083716_92.726-243.jpg","Gal2023_DJIMini2_20230322_083716_92.726.png","cropped, ind3, multiple_whales, top_stack","081",NA,2
"244","Gal2023_DJIMini2_20230322_095141_224.357-244.jpg","Gal2023_DJIMini2_20230322_095141_224.357.png","cropped, ind1","082","GAL2023_041",4
"245","Gal2023_DJIMini2_20230322_095141_243.744-245.jpg","Gal2023_DJIMini2_20230322_095141_243.744.png","cropped, ind1","082","GAL2023_041",4
"246","Gal2023_DJIMini2_20230322_095141_273.507-246.jpg","Gal2023_DJIMini2_20230322_095141_273.507.png","cropped, ind1, top_stack","082","GAL2023_041",4
"247","Gal2023_DJIMini2_20230322_160527_123.423-247.jpg","Gal2023_DJIMini2_20230322_160527_123.423.png","cropped, ind1","083",NA,2
"248","Gal2023_DJIMini2_20230322_160527_145.846-248.jpg","Gal2023_DJIMini2_20230322_160527_145.846.png","cropped, ind1, top_stack","083",NA,2
"249","Gal2023_DJIMini2_20230322_160527_197.230-249.jpg","Gal2023_DJIMini2_20230322_160527_197.230.png","cropped, ind1","083",NA,2
"250","Gal2023_DJIMini2_20230322_173440_266.666-250.jpg","Gal2023_DJIMini2_20230322_173440_266.666.png","cropped, downward, horizontal, ind1","084","GAL2023_043",3
"251","Gal2023_DJIMini2_20230322_173440_295.195-251.jpg","Gal2023_DJIMini2_20230322_173440_295.195.png","cropped, downward, horizontal, ind1","084","GAL2023_043",3
"252","Gal2023_DJIMini2_20230322_173440_315.382-252.jpg","Gal2023_DJIMini2_20230322_173440_315.382.png","cropped, downward, horizontal, ind1, top_stack","084","GAL2023_043",4
"253","Gal2023_DJIMini2_20230323_091201_255.922-253.jpg","Gal2023_DJIMini2_20230323_091201_255.922.png","cropped, ind1, multiple_whales","085","GAL2023_042",3
"254","Gal2023_DJIMini2_20230323_091201_262.596-254.jpg","Gal2023_DJIMini2_20230323_091201_262.596.png","cropped, ind1, multiple_whales, top_stack","085","GAL2023_042",3
"255","Gal2023_DJIMini2_20230323_091201_272.439-255.jpg","Gal2023_DJIMini2_20230323_091201_272.439.png","cropped, ind1, multiple_whales","085","GAL2023_042",3
"256","Gal2023_DJIMini2_20230323_135551_245.846-256.jpg","Gal2023_DJIMini2_20230323_135551_245.846.png","cropped, ind1","086","GAL2023_044",3
"257","Gal2023_DJIMini2_20230323_135551_252.119-257.jpg","Gal2023_DJIMini2_20230323_135551_252.119.png","cropped, ind1, top_stack","086","GAL2023_044",3
"258","Gal2023_DJIMini2_20230323_135551_257.691-258.jpg","Gal2023_DJIMini2_20230323_135551_257.691.png","cropped, ind1","086","GAL2023_044",3
"259","Gal2023_DJIMini2_20230323_151830_126.426-259.jpg","Gal2023_DJIMini2_20230323_151830_126.426.png","cropped, ind1","087","GAL2023_045",3
"260","Gal2023_DJIMini2_20230323_151830_145.078-260.jpg","Gal2023_DJIMini2_20230323_151830_145.078.png","cropped, ind1, top_stack","087","GAL2023_045",4
"261","Gal2023_DJIMini2_20230323_151830_152.152-261.jpg","Gal2023_DJIMini2_20230323_151830_152.152.png","cropped, ind1","087","GAL2023_045",3
"262","Gal2023_DJIMini2_20230323_173102_206.940-262.jpg","Gal2023_DJIMini2_20230323_173102_206.940.png","cropped, ind1, multiple_whales","088",NA,2
"263","Gal2023_DJIMini2_20230323_173102_206.940-263.jpg","Gal2023_DJIMini2_20230323_173102_206.940.png","cropped, ind2, multiple_whales","089","GAL2023_045",3
"264","Gal2023_DJIMini2_20230323_173102_216.983-264.jpg","Gal2023_DJIMini2_20230323_173102_216.983.png","cropped, ind1, multiple_whales, top_stack","088",NA,2
"265","Gal2023_DJIMini2_20230323_173102_216.983-265.jpg","Gal2023_DJIMini2_20230323_173102_216.983.png","cropped, ind2, multiple_whales, top_stack","089","GAL2023_045",3
"266","Gal2023_DJIMini2_20230323_173102_239.406-266.jpg","Gal2023_DJIMini2_20230323_173102_239.406.png","cropped, ind1, multiple_whales","088",NA,2
"267","Gal2023_DJIMini2_20230323_173102_239.406-267.jpg","Gal2023_DJIMini2_20230323_173102_239.406.png","cropped, ind2, multiple_whales","089","GAL2023_045",2
"268","Gal2023_DJIMini2_20230324_072214_106.506-268.jpg","Gal2023_DJIMini2_20230324_072214_106.506.png","cropped, ind1, multiple_whales, top_stack","090","GAL2023_046",2
"269","Gal2023_DJIMini2_20230324_072214_129.396-269.jpg","Gal2023_DJIMini2_20230324_072214_129.396.png","cropped, ind1, multiple_whales","090","GAL2023_046",2
"270","Gal2023_DJIMini2_20230324_072214_95.629-270.jpg","Gal2023_DJIMini2_20230324_072214_95.629.png","cropped, ind1, multiple_whales","090","GAL2023_046",2
"271","Gal2023_DJIMini2_20230324_075814_108.508-271.jpg","Gal2023_DJIMini2_20230324_075814_108.508.png","cropped, ind1, multiple_whales","091",NA,2
"272","Gal2023_DJIMini2_20230324_075814_108.508-272.jpg","Gal2023_DJIMini2_20230324_075814_108.508.png","cropped, ind2, multiple_whales","092",NA,2
"273","Gal2023_DJIMini2_20230324_075814_108.508-273.jpg","Gal2023_DJIMini2_20230324_075814_108.508.png","cropped, ind4, multiple_whales","094",NA,2
"274","Gal2023_DJIMini2_20230324_075814_108.508-274.jpg","Gal2023_DJIMini2_20230324_075814_108.508.png","cropped, ind5, multiple_whales","095",NA,2
"275","Gal2023_DJIMini2_20230324_075814_145.746-275.jpg","Gal2023_DJIMini2_20230324_075814_145.746.png","cropped, ind4, multiple_whales","094",NA,2
"276","Gal2023_DJIMini2_20230324_075814_145.746-276.jpg","Gal2023_DJIMini2_20230324_075814_145.746.png","cropped, ind5, multiple_whales, top_stack","095",NA,2
"277","Gal2023_DJIMini2_20230324_075814_145.746-277.jpg","Gal2023_DJIMini2_20230324_075814_145.746.png","cropped, ind6, multiple_whales, top_stack","096",NA,2
"278","Gal2023_DJIMini2_20230324_075814_145.746-278.jpg","Gal2023_DJIMini2_20230324_075814_145.746.png","cropped, ind7, multiple_whales, top_stack","097",NA,2
"279","Gal2023_DJIMini2_20230324_075814_157.057-279.jpg","Gal2023_DJIMini2_20230324_075814_157.057.png","cropped, ind4, multiple_whales, top_stack","094",NA,2
"280","Gal2023_DJIMini2_20230324_075814_157.057-280.jpg","Gal2023_DJIMini2_20230324_075814_157.057.png","cropped, ind5, multiple_whales","095",NA,2
"281","Gal2023_DJIMini2_20230324_075814_157.057-281.jpg","Gal2023_DJIMini2_20230324_075814_157.057.png","cropped, ind6, multiple_whales","096",NA,2
"282","Gal2023_DJIMini2_20230324_075814_157.057-282.jpg","Gal2023_DJIMini2_20230324_075814_157.057.png","cropped, ind7, multiple_whales","097",NA,2
"283","Gal2023_DJIMini2_20230324_075814_163.263-283.jpg","Gal2023_DJIMini2_20230324_075814_163.263.png","cropped, ind6, multiple_whales","096",NA,2
"284","Gal2023_DJIMini2_20230324_075814_163.263-284.jpg","Gal2023_DJIMini2_20230324_075814_163.263.png","cropped, ind7, multiple_whales","097",NA,2
"285","Gal2023_DJIMini2_20230324_075814_87.287-285.jpg","Gal2023_DJIMini2_20230324_075814_87.287.png","cropped, ind1, multiple_whales, top_stack","091",NA,2
"286","Gal2023_DJIMini2_20230324_075814_87.287-286.jpg","Gal2023_DJIMini2_20230324_075814_87.287.png","cropped, ind2, multiple_whales","092",NA,2
"287","Gal2023_DJIMini2_20230324_075814_87.287-287.jpg","Gal2023_DJIMini2_20230324_075814_87.287.png","cropped, ind3, multiple_whales","093",NA,2
"288","Gal2023_DJIMini2_20230324_075814_98.298-288.jpg","Gal2023_DJIMini2_20230324_075814_98.298.png","cropped, ind1, multiple_whales","091",NA,2
"289","Gal2023_DJIMini2_20230324_075814_98.298-289.jpg","Gal2023_DJIMini2_20230324_075814_98.298.png","cropped, ind2, multiple_whales, top_stack","092",NA,2
"290","Gal2023_DJIMini2_20230324_075814_98.298-290.jpg","Gal2023_DJIMini2_20230324_075814_98.298.png","cropped, ind3, multiple_whales, top_stack","093",NA,2
"291","Gal2023_DJIMini2_20230324_081328_109.643-291.jpg","Gal2023_DJIMini2_20230324_081328_109.643.png","cropped, ind1, multiple_whales, top_stack","098",NA,2
"292","Gal2023_DJIMini2_20230324_081328_86.820-292.jpg","Gal2023_DJIMini2_20230324_081328_86.820.png","cropped, ind1, multiple_whales","098",NA,2
"293","Gal2023_DJIMini2_20230324_081328_97.998-293.jpg","Gal2023_DJIMini2_20230324_081328_97.998.png","cropped, ind1, multiple_whales","098",NA,2
"294","Gal2023_DJIMini2_20230324_161436_101.001-294.jpg","Gal2023_DJIMini2_20230324_161436_101.001.png","cropped, downward, horizontal, ind1, multiple_whales","099","GAL2023_047",2
"295","Gal2023_DJIMini2_20230324_161436_101.001-295.jpg","Gal2023_DJIMini2_20230324_161436_101.001.png","cropped, downward, horizontal, ind2, multiple_whales","100","GAL2023_048",2
"296","Gal2023_DJIMini2_20230324_161436_154.421-296.jpg","Gal2023_DJIMini2_20230324_161436_154.421.png","cropped, ind1, multiple_whales, top_stack","099","GAL2023_047",3
"297","Gal2023_DJIMini2_20230324_161436_154.421-297.jpg","Gal2023_DJIMini2_20230324_161436_154.421.png","cropped, ind2, multiple_whales, top_stack","100","GAL2023_048",3
"298","Gal2023_DJIMini2_20230324_161436_166.767-298.jpg","Gal2023_DJIMini2_20230324_161436_166.767.png","cropped, ind1, multiple_whales","099","GAL2023_047",3
"299","Gal2023_DJIMini2_20230324_161436_166.767-299.jpg","Gal2023_DJIMini2_20230324_161436_166.767.png","cropped, ind2, multiple_whales","100","GAL2023_048",3
"300","Gal2023_DJIMini2_20230324_161436_193.860-301.jpg","Gal2023_DJIMini2_20230324_161436_193.860.png","cropped, ind3, multiple_whales, top_stack","101","GAL2023_049",3
"301","Gal2023_DJIMini2_20230324_161436_232.032-302.jpg","Gal2023_DJIMini2_20230324_161436_232.032.png","cropped, ind3, multiple_whales","101","GAL2023_049",2
"302","Gal2023_DJIMini2_20230324_161436_244.878-303.jpg","Gal2023_DJIMini2_20230324_161436_244.878.png","cropped, ind3, multiple_whales","101","GAL2023_049",2
"303","Gal2023_DJIMini2_20230324_161436_259.292-304.jpg","Gal2023_DJIMini2_20230324_161436_259.292.png","cropped, ind3, multiple_whales","101","GAL2023_049",2
"304","Gal2023_DJIMini2_20230324_161436_85.719-300.jpg","Gal2023_DJIMini2_20230324_161436_85.719.png","cropped, downward, horizontal, ind1, multiple_whales","099","GAL2023_047",2
"305","Gal2023_DJIMini2_20230403_101842_111.778-305.jpg","Gal2023_DJIMini2_20230403_101842_111.778.png","cropped, horizontal, ind1, male, top_stack","102","GAL2023_004",3
"306","Gal2023_DJIMini2_20230403_101842_46.947-306.jpg","Gal2023_DJIMini2_20230403_101842_46.947.png","cropped, horizontal, ind1, male","102","GAL2023_004",2
"307","Gal2023_DJIMini2_20230403_101842_58.692-307.jpg","Gal2023_DJIMini2_20230403_101842_58.692.png","cropped, horizontal, ind1, male","102","GAL2023_004",2
"308","Gal2023_DJIMini2_20230403_111058_108.175-308.jpg","Gal2023_DJIMini2_20230403_111058_108.175.png","cropped, horizontal, ind1, male","103","GAL2023_004",2
"309","Gal2023_DJIMini2_20230403_111058_128.662-309.jpg","Gal2023_DJIMini2_20230403_111058_128.662.png","cropped, horizontal, ind1, male, top_stack","103","GAL2023_004",3
"310","Gal2023_DJIMini2_20230403_111058_139.940-310.jpg","Gal2023_DJIMini2_20230403_111058_139.940.png","cropped, horizontal, ind1, male","103","GAL2023_004",2
"311","Gal2023_DJIMini2_20230405_074118_172.172-311.jpg","Gal2023_DJIMini2_20230405_074118_172.172.png","cropped, horizontal, ind1, male, top_stack","104","GAL2023_006",3
"312","Gal2023_DJIMini2_20230405_074118_189.122-312.jpg","Gal2023_DJIMini2_20230405_074118_189.122.png","cropped, horizontal, ind1, male","104","GAL2023_006",3
"313","Gal2023_DJIMini2_20230405_074118_206.440-313.jpg","Gal2023_DJIMini2_20230405_074118_206.440.png","cropped, horizontal, ind1, male","104","GAL2023_006",2
"314","Gal2023_DJIMini2_20230405_093934_187.087-314.jpg","Gal2023_DJIMini2_20230405_093934_187.087.png","cropped, downward, horizontal, ind1, male, top_stack","105","GAL2023_007",3
"315","Gal2023_DJIMini2_20230405_093934_198.131-315.jpg","Gal2023_DJIMini2_20230405_093934_198.131.png","cropped, downward, horizontal, ind1, male","105","GAL2023_007",3
"316","Gal2023_DJIMini2_20230405_093934_219.052-316.jpg","Gal2023_DJIMini2_20230405_093934_219.052.png","cropped, downward, horizontal, ind1, male","105","GAL2023_007",3
"317","Gal2023_DJIMini2_20230405_104553_241.074-317.jpg","Gal2023_DJIMini2_20230405_104553_241.074.png","cropped, ind1, male","106","GAL2023_007",2
"318","Gal2023_DJIMini2_20230405_104553_256.056-318.jpg","Gal2023_DJIMini2_20230405_104553_256.056.png","cropped, ind1, male","106","GAL2023_007",3
"319","Gal2023_DJIMini2_20230405_104553_295.028-319.jpg","Gal2023_DJIMini2_20230405_104553_295.028.png","cropped, ind1, male, top_stack","106","GAL2023_007",3
"320","Gal2023_DJIMini2_20230405_154621_156.423-320.jpg","Gal2023_DJIMini2_20230405_154621_156.423.png","cropped, horizontal, ind1, male","107","GAL2023_008",3
"321","Gal2023_DJIMini2_20230405_154621_168.068-321.jpg","Gal2023_DJIMini2_20230405_154621_168.068.png","cropped, horizontal, ind1, male, top_stack","107","GAL2023_008",3
"322","Gal2023_DJIMini2_20230405_154621_182.015-322.jpg","Gal2023_DJIMini2_20230405_154621_182.015.png","cropped, horizontal, ind1, male","107","GAL2023_008",3
"323","Gal2023_DJIMini2_20230408_074403_148.615-323.jpg","Gal2023_DJIMini2_20230408_074403_148.615.png","cropped, downward, horizontal, ind1","108","GAL2023_050",2
"324","Gal2023_DJIMini2_20230408_074403_159.226-324.jpg","Gal2023_DJIMini2_20230408_074403_159.226.png","cropped, downward, horizontal, ind1","108","GAL2023_050",2
"325","Gal2023_DJIMini2_20230408_074403_171.938-325.jpg","Gal2023_DJIMini2_20230408_074403_171.938.png","cropped, downward, horizontal, ind1","108","GAL2023_050",2
"326","Gal2023_DJIMini2_20230408_074403_240.340-326.jpg","Gal2023_DJIMini2_20230408_074403_240.340.png","cropped, downward, horizontal, ind1, top_stack","108","GAL2023_050",4
"327","Gal2023_DJIMini2_20230408_074931_200.200-327.jpg","Gal2023_DJIMini2_20230408_074931_200.200.png","cropped, downward, horizontal, ind1, multiple_whales","109","GAL2023_051",3
"328","Gal2023_DJIMini2_20230408_074931_200.200-328.jpg","Gal2023_DJIMini2_20230408_074931_200.200.png","cropped, downward, horizontal, ind2, multiple_whales","110","GAL2023_050",3
"329","Gal2023_DJIMini2_20230408_074931_210.977-329.jpg","Gal2023_DJIMini2_20230408_074931_210.977.png","cropped, ind1, multiple_whales","109","GAL2023_051",3
"330","Gal2023_DJIMini2_20230408_074931_248.749-330.jpg","Gal2023_DJIMini2_20230408_074931_248.749.png","cropped, ind1, multiple_whales, top_stack","109","GAL2023_051",3
"331","Gal2023_DJIMini2_20230408_074931_248.749-331.jpg","Gal2023_DJIMini2_20230408_074931_248.749.png","cropped, ind2, multiple_whales","110","GAL2023_050",2
"332","Gal2023_DJIMini2_20230408_074931_259.659-332.jpg","Gal2023_DJIMini2_20230408_074931_259.659.png","cropped, ind2, multiple_whales, top_stack","110","GAL2023_050",3
"333","Gal2023_DJIMini2_20230408_090416_239.506-333.jpg","Gal2023_DJIMini2_20230408_090416_239.506.png","cropped, ind1","111","GAL2023_052",2
"334","Gal2023_DJIMini2_20230408_090416_252.986-334.jpg","Gal2023_DJIMini2_20230408_090416_252.986.png","cropped, ind1","111","GAL2023_052",3
"335","Gal2023_DJIMini2_20230408_090416_261.661-335.jpg","Gal2023_DJIMini2_20230408_090416_261.661.png","cropped, ind1, top_stack","111","GAL2023_052",3
"336","Gal2023_DJIMini2_20230408_151609_251.384-336.jpg","Gal2023_DJIMini2_20230408_151609_251.384.png","cropped, ind1, multiple_whales","112",NA,2
"337","Gal2023_DJIMini2_20230408_151609_268.235-337.jpg","Gal2023_DJIMini2_20230408_151609_268.235.png","cropped, ind1, multiple_whales, top_stack","112",NA,2
"338","Gal2023_DJIMini2_20230408_151609_269.603ns-338.jpg","Gal2023_DJIMini2_20230408_151609_269.603ns.png","cropped, ind2, multiple_whales","113",NA,2
"339","Gal2023_DJIMini2_20230408_151609_286.686-339.jpg","Gal2023_DJIMini2_20230408_151609_286.686.png","cropped, ind1, multiple_whales","112",NA,2
"340","Gal2023_DJIMini2_20230408_151609_286.686-340.jpg","Gal2023_DJIMini2_20230408_151609_286.686.png","cropped, ind2, multiple_whales","113",NA,2
"341","Gal2023_DJIMini2_20230408_151609_320.587-341.jpg","Gal2023_DJIMini2_20230408_151609_320.587.png","cropped, ind2, multiple_whales, top_stack","113",NA,2
"342","Gal2023_DJIMini2_20230408_151609_320.587-342.jpg","Gal2023_DJIMini2_20230408_151609_320.587.png","cropped, ind3, multiple_whales, top_stack","114","GAL2023_053",3
"343","Gal2023_DJIMini2_20230408_152140_21.054-343.jpg","Gal2023_DJIMini2_20230408_152140_21.054.png","cropped, ind3, multiple_whales","114","GAL2023_053",3
"344","Gal2023_DJIMini2_20230408_152140_21.054-344.jpg","Gal2023_DJIMini2_20230408_152140_21.054.png","cropped, ind4, multiple_whales","115",NA,2
"345","Gal2023_DJIMini2_20230408_152140_37.004-345.jpg","Gal2023_DJIMini2_20230408_152140_37.004.png","cropped, ind4, multiple_whales","115",NA,2
"346","Gal2023_DJIMini2_20230408_152140_8.242-346.jpg","Gal2023_DJIMini2_20230408_152140_8.242.png","cropped, ind3, multiple_whales","114","GAL2023_053",3
"347","Gal2023_DJIMini2_20230408_152140_8.242-347.jpg","Gal2023_DJIMini2_20230408_152140_8.242.png","cropped, ind4, multiple_whales, top_stack","115",NA,2
"348","Gal2023_DJIMini2_20230408_162355_304.738-348.jpg","Gal2023_DJIMini2_20230408_162355_304.738.png","cropped, ind1, multiple_whales, top_stack","116","GAL2023_054",3
"349","Gal2023_DJIMini2_20230408_162355_304.738-349.jpg","Gal2023_DJIMini2_20230408_162355_304.738.png","cropped, ind2, multiple_whales","117","GAL2023_065",2
"350","Gal2023_DJIMini2_20230408_162355_318.018-350.jpg","Gal2023_DJIMini2_20230408_162355_318.018.png","cropped, ind2, multiple_whales","117","GAL2023_065",3
"351","Gal2023_DJIMini2_20230408_162355_327.828-351.jpg","Gal2023_DJIMini2_20230408_162355_327.828.png","cropped, ind2, multiple_whales, top_stack","117","GAL2023_065",3
"352","Gal2023_DJIMini2_20230408_162925_159.126-352.jpg","Gal2023_DJIMini2_20230408_162925_159.126.png","cropped, ind3, multiple_whales","118","GAL2023_055",3
"353","Gal2023_DJIMini2_20230408_162925_181.448-353.jpg","Gal2023_DJIMini2_20230408_162925_181.448.png","cropped, ind3, multiple_whales, top_stack","118","GAL2023_055",3
"354","Gal2023_DJIMini2_20230408_162925_200.701-354.jpg","Gal2023_DJIMini2_20230408_162925_200.701.png","cropped, ind1, multiple_whales","116","GAL2023_054",2
"355","Gal2023_DJIMini2_20230408_162925_222.489-355.jpg","Gal2023_DJIMini2_20230408_162925_222.489.png","cropped, ind3","118","GAL2023_055",3
"356","Gal2023_DJIMini2_20230409_064002_184.951-356.jpg","Gal2023_DJIMini2_20230409_064002_184.951.png","cropped, horizontal, ind1, multiple_whales","119","GAL2023_056",3
"357","Gal2023_DJIMini2_20230409_064002_184.951-357.jpg","Gal2023_DJIMini2_20230409_064002_184.951.png","cropped, horizontal, ind3, multiple_whales","121","GAL2023_054",2
"358","Gal2023_DJIMini2_20230409_064002_208.308-358.jpg","Gal2023_DJIMini2_20230409_064002_208.308.png","cropped, horizontal, ind1","119","GAL2023_056",3
"359","Gal2023_DJIMini2_20230409_064002_242.976-359.jpg","Gal2023_DJIMini2_20230409_064002_242.976.png","cropped, horizontal, ind1, top_stack","119","GAL2023_056",4
"360","Gal2023_DJIMini2_20230409_064002_242.976-360.jpg","Gal2023_DJIMini2_20230409_064002_242.976.png","cropped, horizontal, ind3, top_stack","121","GAL2023_054",3
"361","Gal2023_DJIMini2_20230409_064002_255.322-364.jpg","Gal2023_DJIMini2_20230409_064002_255.322.png","cropped, horizontal, ind3, multiple_whales","121","GAL2023_054",3
"362","Gal2023_DJIMini2_20230409_064002_299.266-361.jpg","Gal2023_DJIMini2_20230409_064002_299.266.png","cropped, horizontal, ind2","120","GAL2023_057",4
"363","Gal2023_DJIMini2_20230409_064002_303.336-362.jpg","Gal2023_DJIMini2_20230409_064002_303.336.png","cropped, horizontal, ind2","120","GAL2023_057",4
"364","Gal2023_DJIMini2_20230409_064002_322.255-363.jpg","Gal2023_DJIMini2_20230409_064002_322.255.png","cropped, horizontal, ind2, top_stack","120","GAL2023_057",5
"365","Gal2023_DJIMini2_20230409_081155_154.121-365.jpg","Gal2023_DJIMini2_20230409_081155_154.121.png","cropped, ind1","122","GAL2023_066",2
"366","Gal2023_DJIMini2_20230409_081155_167.834-366.jpg","Gal2023_DJIMini2_20230409_081155_167.834.png","cropped, ind1","122","GAL2023_066",2
"367","Gal2023_DJIMini2_20230409_081155_179.513-367.jpg","Gal2023_DJIMini2_20230409_081155_179.513.png","cropped, ind1","122","GAL2023_066",2
"368","Gal2023_DJIMini2_20230409_081155_320.420-368.jpg","Gal2023_DJIMini2_20230409_081155_320.420.png","cropped, ind1, top_stack","122","GAL2023_066",4
"369","Gal2023_DJIMini2_20230409_081726_108.241-369.jpg","Gal2023_DJIMini2_20230409_081726_108.241.png","cropped, ind1","122","GAL2023_066",4
"370","Gal2023_DJIMini2_20230409_081726_159.026-371.jpg","Gal2023_DJIMini2_20230409_081726_159.026.png","cropped, ind2, multiple_whales","123","GAL2023_058",2
"371","Gal2023_DJIMini2_20230409_081726_235.001-372.jpg","Gal2023_DJIMini2_20230409_081726_235.001.png","cropped, ind2, multiple_whales, top_stack","123","GAL2023_058",3
"372","Gal2023_DJIMini2_20230409_081726_3.937-370.jpg","Gal2023_DJIMini2_20230409_081726_3.937.png","cropped, ind1","122","GAL2023_066",4
"373","Gal2023_DJIMini2_20230409_092752_260.527-373.jpg","Gal2023_DJIMini2_20230409_092752_260.527.png","cropped, ind1, multiple_whales","124","GAL2023_059",3
"374","Gal2023_DJIMini2_20230409_092752_260.527-374.jpg","Gal2023_DJIMini2_20230409_092752_260.527.png","cropped, ind3, multiple_whales","126",NA,2
"375","Gal2023_DJIMini2_20230409_092752_272.072-375.jpg","Gal2023_DJIMini2_20230409_092752_272.072.png","cropped, ind1, multiple_whales","124","GAL2023_059",3
"376","Gal2023_DJIMini2_20230409_092752_272.072-376.jpg","Gal2023_DJIMini2_20230409_092752_272.072.png","cropped, ind2, multiple_whales","125","GAL2023_060",3
"377","Gal2023_DJIMini2_20230409_092752_272.072-377.jpg","Gal2023_DJIMini2_20230409_092752_272.072.png","cropped, ind3, multiple_whales, top_stack","126",NA,2
"378","Gal2023_DJIMini2_20230409_092752_272.072-378.jpg","Gal2023_DJIMini2_20230409_092752_272.072.png","cropped, ind4, multiple_whales","127","GAL2023_061",3
"379","Gal2023_DJIMini2_20230409_092752_288.522-379.jpg","Gal2023_DJIMini2_20230409_092752_288.522.png","cropped, ind4, multiple_whales, top_stack","127","GAL2023_061",3
"380","Gal2023_DJIMini2_20230409_092752_308.508-380.jpg","Gal2023_DJIMini2_20230409_092752_308.508.png","cropped, ind1, multiple_whales, top_stack","124","GAL2023_059",3
"381","Gal2023_DJIMini2_20230409_092752_308.508-381.jpg","Gal2023_DJIMini2_20230409_092752_308.508.png","cropped, ind2, multiple_whales, top_stack","125","GAL2023_060",3
"382","Gal2023_DJIMini2_20230409_092752_308.508-382.jpg","Gal2023_DJIMini2_20230409_092752_308.508.png","cropped, ind3, multiple_whales","126",NA,2
"383","Gal2023_DJIMini2_20230409_092752_308.508-383.jpg","Gal2023_DJIMini2_20230409_092752_308.508.png","cropped, ind5, multiple_whales","128","GAL2023_062",3
"384","Gal2023_DJIMini2_20230409_092752_327.327-384.jpg","Gal2023_DJIMini2_20230409_092752_327.327.png","cropped, ind2, multiple_whales","125","GAL2023_060",3
"385","Gal2023_DJIMini2_20230409_092752_327.327-385.jpg","Gal2023_DJIMini2_20230409_092752_327.327.png","cropped, ind5, multiple_whales, top_stack","128","GAL2023_062",3
"386","Gal2023_DJIMini2_20230409_093346_5.405-386.jpg","Gal2023_DJIMini2_20230409_093346_5.405.png","cropped, ind5, multiple_whales","128","GAL2023_062",3
"387","Gal2023_DJIMini2_20230409_093346_9.776-387.jpg","Gal2023_DJIMini2_20230409_093346_9.776.png","cropped, ind4, multiple_whales","127","GAL2023_061",3
"388","Gal2023_DJIMini2_20230409_164535_117.651-388.jpg","Gal2023_DJIMini2_20230409_164535_117.651.png","cropped, ind1, multiple_whales","129",NA,2
"389","Gal2023_DJIMini2_20230409_164535_117.651-389.jpg","Gal2023_DJIMini2_20230409_164535_117.651.png","cropped, ind2, multiple_whales","130",NA,2
"390","Gal2023_DJIMini2_20230409_164535_117.651-390.jpg","Gal2023_DJIMini2_20230409_164535_117.651.png","cropped, ind3, multiple_whales, top_stack","131",NA,2
"391","Gal2023_DJIMini2_20230409_164535_130.497-391.jpg","Gal2023_DJIMini2_20230409_164535_130.497.png","cropped, ind1, multiple_whales, top_stack","129",NA,2
"392","Gal2023_DJIMini2_20230409_164535_130.497-392.jpg","Gal2023_DJIMini2_20230409_164535_130.497.png","cropped, ind2, multiple_whales","130",NA,2
"393","Gal2023_DJIMini2_20230409_164535_130.497-393.jpg","Gal2023_DJIMini2_20230409_164535_130.497.png","cropped, ind3, multiple_whales","131",NA,2
"394","Gal2023_DJIMini2_20230409_164535_145.946-394.jpg","Gal2023_DJIMini2_20230409_164535_145.946.png","cropped, ind2, multiple_whales, top_stack","130",NA,2
"395","Gal2023_DJIMini2_20230409_164535_145.946-395.jpg","Gal2023_DJIMini2_20230409_164535_145.946.png","cropped, ind3, multiple_whales","131",NA,2
"396","Gal2023_DJIMini2_20230410_073634_166.466-396.jpg","Gal2023_DJIMini2_20230410_073634_166.466.png","batch2, cropped, ind1","133","GAL2023_093",2
"397","Gal2023_DJIMini2_20230410_073634_177.477-397.jpg","Gal2023_DJIMini2_20230410_073634_177.477.png","batch2, cropped, ind1","133","GAL2023_093",3
"398","Gal2023_DJIMini2_20230410_073634_219.953-398.jpg","Gal2023_DJIMini2_20230410_073634_219.953.png","batch2, cropped, ind1, top_stack","133","GAL2023_093",4
"399","Gal2023_DJIMini2_20230410_082343_238.705-399.jpg","Gal2023_DJIMini2_20230410_082343_238.705.png","batch2, cropped, ind1","134","GAL2023_093",2
"400","Gal2023_DJIMini2_20230410_082343_249.282-400.jpg","Gal2023_DJIMini2_20230410_082343_249.282.png","batch2, cropped, ind1, top_stack","134","GAL2023_093",4
"401","Gal2023_DJIMini2_20230410_082343_269.035-401.jpg","Gal2023_DJIMini2_20230410_082343_269.035.png","batch2, cropped, ind1","134","GAL2023_093",4
"402","Gal2023_DJIMini2_20230410_101935_242.709-402.jpg","Gal2023_DJIMini2_20230410_101935_242.709.png","batch2, cropped, ind1","135","Gal2023_067",4
"403","Gal2023_DJIMini2_20230410_101935_274.808-403.jpg","Gal2023_DJIMini2_20230410_101935_274.808.png","batch2, cropped, ind1, top_stack","135","Gal2023_067",4
"404","Gal2023_DJIMini2_20230410_101935_294.528-404.jpg","Gal2023_DJIMini2_20230410_101935_294.528.png","batch2, cropped, ind1","135","Gal2023_067",3
"405","Gal2023_DJIMini2_20230410_162208_173.040-405.jpg","Gal2023_DJIMini2_20230410_162208_173.040.png","batch2, cropped, ind1","136","Gal2023_068",3
"406","Gal2023_DJIMini2_20230410_162208_173.040-406.jpg","Gal2023_DJIMini2_20230410_162208_173.040.png","batch2, cropped, ind2","137","Gal2023_069",3
"407","Gal2023_DJIMini2_20230410_162208_173.040-407.jpg","Gal2023_DJIMini2_20230410_162208_173.040.png","batch2, cropped, ind3","138","Gal2023_070",3
"408","Gal2023_DJIMini2_20230410_162208_179.046-408.jpg","Gal2023_DJIMini2_20230410_162208_179.046.png","batch2, cropped, ind1, top_stack","136","Gal2023_068",4
"409","Gal2023_DJIMini2_20230410_162208_179.046-409.jpg","Gal2023_DJIMini2_20230410_162208_179.046.png","batch2, cropped, ind2","137","Gal2023_069",3
"410","Gal2023_DJIMini2_20230410_162208_179.046-410.jpg","Gal2023_DJIMini2_20230410_162208_179.046.png","batch2, cropped, ind3","138","Gal2023_070",4
"411","Gal2023_DJIMini2_20230410_162208_200.033-411.jpg","Gal2023_DJIMini2_20230410_162208_200.033.png","batch2, cropped, ind1","136","Gal2023_068",4
"412","Gal2023_DJIMini2_20230410_162208_200.033-412.jpg","Gal2023_DJIMini2_20230410_162208_200.033.png","batch2, cropped, ind2, top_stack","137","Gal2023_069",3
"413","Gal2023_DJIMini2_20230410_162208_200.033-413.jpg","Gal2023_DJIMini2_20230410_162208_200.033.png","batch2, cropped, ind3, top_stack","138","Gal2023_070",5
"414","Gal2023_DJIMini2_20230411_063721_195.095-414.jpg","Gal2023_DJIMini2_20230411_063721_195.095.png","batch2, cropped, ind1","139","Gal2023_071",2
"415","Gal2023_DJIMini2_20230411_063721_216.616-415.jpg","Gal2023_DJIMini2_20230411_063721_216.616.png","batch2, cropped, ind1, top_stack","139","Gal2023_071",3
"416","Gal2023_DJIMini2_20230411_063721_231.465-416.jpg","Gal2023_DJIMini2_20230411_063721_231.465.png","batch2, cropped, ind1","139","Gal2023_071",2
"417","Gal2023_DJIMini2_20230411_063721_312.279-417.jpg","Gal2023_DJIMini2_20230411_063721_312.279.png","batch2, cropped, ind2","140","gal2023_073",3
"418","Gal2023_DJIMini2_20230411_064306_0.033-418.jpg","Gal2023_DJIMini2_20230411_064306_0.033.png","batch2, cropped, ind3","141","Gal2023_072",4
"419","Gal2023_DJIMini2_20230411_064306_29.029-419.jpg","Gal2023_DJIMini2_20230411_064306_29.029.png","batch2, cropped, ind2","140","gal2023_073",3
"420","Gal2023_DJIMini2_20230411_064306_29.029-420.jpg","Gal2023_DJIMini2_20230411_064306_29.029.png","batch2, cropped, ind3, top_stack","141","Gal2023_072",4
"421","Gal2023_DJIMini2_20230411_064306_49.816-421.jpg","Gal2023_DJIMini2_20230411_064306_49.816.png","batch2, cropped, ind2, top_stack","140","gal2023_073",4
"422","Gal2023_DJIMini2_20230411_064306_49.816-422.jpg","Gal2023_DJIMini2_20230411_064306_49.816.png","batch2, cropped, ind3","141","Gal2023_072",4
"423","Gal2023_DJIMini2_20230411_071436_234.000-423.jpg","Gal2023_DJIMini2_20230411_071436_234.000.png","batch2, cropped, ind2, top_stack","143","Gal2023_074",4
"424","Gal2023_DJIMini2_20230411_071436_249.082-424.jpg","Gal2023_DJIMini2_20230411_071436_249.082.png","batch2, cropped, ind2","143","Gal2023_074",3
"425","Gal2023_DJIMini2_20230411_071436_258.792-425.jpg","Gal2023_DJIMini2_20230411_071436_258.792.png","batch2, cropped, ind1","142","Gal2023_075",3
"426","Gal2023_DJIMini2_20230411_071436_300.534-426.jpg","Gal2023_DJIMini2_20230411_071436_300.534.png","batch2, cropped, ind1","142","Gal2023_075",3
"427","Gal2023_DJIMini2_20230411_072004_10.511-427.jpg","Gal2023_DJIMini2_20230411_072004_10.511.png","batch2, cropped, ind2","143","Gal2023_074",4
"428","Gal2023_DJIMini2_20230411_072004_33.700-428.jpg","Gal2023_DJIMini2_20230411_072004_33.700.png","batch2, cropped, ind1, top_stack","142","Gal2023_075",3
"429","Gal2023_DJIMini2_20230411_081533_155.455-429.jpg","Gal2023_DJIMini2_20230411_081533_155.455.png","batch2, cropped, ind1, top_stack","144","Gal2023_076",4
"430","Gal2023_DJIMini2_20230411_081533_166.266-430.jpg","Gal2023_DJIMini2_20230411_081533_166.266.png","batch2, cropped, ind1","144","Gal2023_076",3
"431","Gal2023_DJIMini2_20230411_081533_170.570-431.jpg","Gal2023_DJIMini2_20230411_081533_170.570.png","batch2, cropped, ind1","144","Gal2023_076",4
"432","Gal2023_DJIMini2_20230411_081533_170.570-432.jpg","Gal2023_DJIMini2_20230411_081533_170.570.png","batch2, cropped, ind2, top_stack","145","Gal2023_077",4
"433","Gal2023_DJIMini2_20230411_081533_220.454-433.jpg","Gal2023_DJIMini2_20230411_081533_220.454.png","batch2, cropped, ind2","145","Gal2023_077",3
"434","Gal2023_DJIMini2_20230411_081533_234.234-434.jpg","Gal2023_DJIMini2_20230411_081533_234.234.png","batch2, cropped, ind2","145","Gal2023_077",4
"435","Gal2023_DJIMini2_20230411_152658_319.419-435.jpg","Gal2023_DJIMini2_20230411_152658_319.419.png","batch2, cropped, ind1, top_stack","146","Gal2023_078",3
"436","Gal2023_DJIMini2_20230411_152658_319.419-436.jpg","Gal2023_DJIMini2_20230411_152658_319.419.png","batch2, cropped, ind2","147","Gal2023_079",3
"437","Gal2023_DJIMini2_20230411_152658_324.825-437.jpg","Gal2023_DJIMini2_20230411_152658_324.825.png","batch2, cropped, ind1","146","Gal2023_078",2
"438","Gal2023_DJIMini2_20230411_152658_324.825-438.jpg","Gal2023_DJIMini2_20230411_152658_324.825.png","batch2, cropped, ind2, top_stack","147","Gal2023_079",3
"439","Gal2023_DJIMini2_20230411_152658_330.397-439.jpg","Gal2023_DJIMini2_20230411_152658_330.397.png","batch2, cropped, ind1","146","Gal2023_078",3
"440","Gal2023_DJIMini2_20230411_152658_330.397-440.jpg","Gal2023_DJIMini2_20230411_152658_330.397.png","batch2, cropped, ind2","147","Gal2023_079",3
"441","Gal2023_DJIMini2_20230411_170046_239.005-441.jpg","Gal2023_DJIMini2_20230411_170046_239.005.png","batch2, cropped, ind1","148","GAL2023_066",4
"442","Gal2023_DJIMini2_20230411_170046_254.121-442.jpg","Gal2023_DJIMini2_20230411_170046_254.121.png","batch2, cropped, ind1","148","GAL2023_066",4
"443","Gal2023_DJIMini2_20230411_170046_261.161-443.jpg","Gal2023_DJIMini2_20230411_170046_261.161.png","batch2, cropped, ind1, top_stack","148","GAL2023_066",4
"444","Gal2023_DJIMini2_20230412_061349_238.839-444.jpg","Gal2023_DJIMini2_20230412_061349_238.839.png","batch2, cropped, ind1","149",NA,2
"445","Gal2023_DJIMini2_20230412_061349_252.452-445.jpg","Gal2023_DJIMini2_20230412_061349_252.452.png","batch2, cropped, ind1","149",NA,2
"446","Gal2023_DJIMini2_20230412_061349_295.829-446.jpg","Gal2023_DJIMini2_20230412_061349_295.829.png","batch2, cropped, ind1, top_stack","149",NA,2
"447","Gal2023_DJIMini2_20230412_070910_291.291-452.jpg","Gal2023_DJIMini2_20230412_070910_291.291.png","batch2, cropped, ind2, top_stack","151",NA,2
"448","Gal2023_DJIMini2_20230412_070910_298.098-447.jpg","Gal2023_DJIMini2_20230412_070910_298.098.png","batch2, cropped, ind1","150","GAL2023_080",2
"449","Gal2023_DJIMini2_20230412_070910_298.098-448.jpg","Gal2023_DJIMini2_20230412_070910_298.098.png","batch2, cropped, ind2","151",NA,2
"450","Gal2023_DJIMini2_20230412_070910_305.705-449.jpg","Gal2023_DJIMini2_20230412_070910_305.705.png","batch2, cropped, ind1","150","GAL2023_080",2
"451","Gal2023_DJIMini2_20230412_070910_313.547-450.jpg","Gal2023_DJIMini2_20230412_070910_313.547.png","batch2, cropped, ind1, top_stack","150","GAL2023_080",3
"452","Gal2023_DJIMini2_20230412_070910_313.547-451.jpg","Gal2023_DJIMini2_20230412_070910_313.547.png","batch2, cropped, ind2","151",NA,2
"453","Gal2023_DJIMini2_20230412_171152_243.376-453.jpg","Gal2023_DJIMini2_20230412_171152_243.376.png","batch2, cropped, ind1, top_stack","152",NA,2
"454","Gal2023_DJIMini2_20230412_171152_243.376-454.jpg","Gal2023_DJIMini2_20230412_171152_243.376.png","batch2, cropped, ind2","153",NA,2
"455","Gal2023_DJIMini2_20230412_171152_251.618-455.jpg","Gal2023_DJIMini2_20230412_171152_251.618.png","batch2, cropped, ind1","152",NA,2
"456","Gal2023_DJIMini2_20230412_171152_251.618-456.jpg","Gal2023_DJIMini2_20230412_171152_251.618.png","batch2, cropped, ind2, top_stack","153",NA,2
"457","Gal2023_DJIMini2_20230412_171152_285.418-457.jpg","Gal2023_DJIMini2_20230412_171152_285.418.png","batch2, cropped, ind1","152",NA,2
"458","Gal2023_DJIMini2_20230412_171152_285.418-458.jpg","Gal2023_DJIMini2_20230412_171152_285.418.png","batch2, cropped, ind2","153",NA,2
"459","Gal2023_DJIMini2_20230426_151523_201.702-459.jpg","Gal2023_DJIMini2_20230426_151523_201.702.png","batch2, cropped, ind1, male","154","GAL2023_081",4
"460","Gal2023_DJIMini2_20230426_151523_225.625-460.jpg","Gal2023_DJIMini2_20230426_151523_225.625.png","batch2, cropped, ind1, male, top_stack","154","GAL2023_081",4
"461","Gal2023_DJIMini2_20230426_151523_252.119-461.jpg","Gal2023_DJIMini2_20230426_151523_252.119.png","batch2, cropped, ind1, male","154","GAL2023_081",4
"462","Gal2023_DJIMini2_20230428_153941_191.358-512.jpg","Gal2023_DJIMini2_20230428_153941_191.358.png","batch2, cropped, ind1","170",NA,2
"463","Gal2023_DJIMini2_20230428_153941_201.234-513.jpg","Gal2023_DJIMini2_20230428_153941_201.234.png","batch2, cropped, ind1, top_stack","170",NA,2
"464","Gal2023_DJIMini2_20230428_153941_219.086-514.jpg","Gal2023_DJIMini2_20230428_153941_219.086.png","batch2, cropped, ind1","170",NA,2
"465","Gal2023_DJIMini2_20230428_172306_107.274-462.jpg","Gal2023_DJIMini2_20230428_172306_107.274.png","batch2, cropped, ind1","155",NA,2
"466","Gal2023_DJIMini2_20230428_172306_136.837-463.jpg","Gal2023_DJIMini2_20230428_172306_136.837.png","batch2, cropped, ind1","155",NA,2
"467","Gal2023_DJIMini2_20230428_172306_78.712-464.jpg","Gal2023_DJIMini2_20230428_172306_78.712.png","batch2, cropped, ind1, top_stack","155",NA,2
"468","Gal2023_DJIMini2_20230429_065723_230.130-465.jpg","Gal2023_DJIMini2_20230429_065723_230.130.png","batch2, cropped, ind1","171",NA,2
"469","Gal2023_DJIMini2_20230429_065723_230.130-466.jpg","Gal2023_DJIMini2_20230429_065723_230.130.png","batch2, cropped, ind3","157",NA,2
"470","Gal2023_DJIMini2_20230429_065723_242.309-469.jpg","Gal2023_DJIMini2_20230429_065723_242.309.png","batch2, cropped, ind3, top_stack","157",NA,2
"471","Gal2023_DJIMini2_20230429_065723_242.309-470.jpg","Gal2023_DJIMini2_20230429_065723_242.309.png","batch2, cropped, ind4","158",NA,2
"472","Gal2023_DJIMini2_20230429_065723_251.518-467.jpg","Gal2023_DJIMini2_20230429_065723_251.518.png","batch2, cropped, ind1","171",NA,2
"473","Gal2023_DJIMini2_20230429_065723_251.518-468.jpg","Gal2023_DJIMini2_20230429_065723_251.518.png","batch2, cropped, ind4, top_stack","158",NA,2
"474","Gal2023_DJIMini2_20230429_065723_260.427-471.jpg","Gal2023_DJIMini2_20230429_065723_260.427.png","batch2, cropped, ind2","156","GAL2023_082",3
"475","Gal2023_DJIMini2_20230429_065723_260.427-472.jpg","Gal2023_DJIMini2_20230429_065723_260.427.png","batch2, cropped, ind4","158",NA,2
"476","Gal2023_DJIMini2_20230429_065723_277.410-473.jpg","Gal2023_DJIMini2_20230429_065723_277.410.png","batch2, cropped, ind2","156","GAL2023_082",3
"477","Gal2023_DJIMini2_20230429_065723_277.410-474.jpg","Gal2023_DJIMini2_20230429_065723_277.410.png","batch2, cropped, ind3","157",NA,2
"478","Gal2023_DJIMini2_20230429_065723_299.866-475.jpg","Gal2023_DJIMini2_20230429_065723_299.866.png","batch2, cropped, ind1, top_stack","171",NA,2
"479","Gal2023_DJIMini2_20230429_065723_299.866-476.jpg","Gal2023_DJIMini2_20230429_065723_299.866.png","batch2, cropped, ind2, top_stack","156","GAL2023_082",3
"480","Gal2023_DJIMini2_20230429_065723_299.866-477.jpg","Gal2023_DJIMini2_20230429_065723_299.866.png","batch2, cropped, ind5, top_stack","159",NA,2
"481","Gal2023_DJIMini2_20230429_065723_333.333-478.jpg","Gal2023_DJIMini2_20230429_065723_333.333.png","batch2, cropped, ind5","159",NA,2
"482","Gal2023_DJIMini2_20230429_065723_342.375-479.jpg","Gal2023_DJIMini2_20230429_065723_342.375.png","batch2, cropped, ind5","159",NA,2
"483","Gal2023_DJIMini2_20230429_073102_236.903-481.jpg","Gal2023_DJIMini2_20230429_073102_236.903.png","batch2, cropped, ind2, top_stack","161",NA,2
"484","Gal2023_DJIMini2_20230429_073102_236.903-482.jpg","Gal2023_DJIMini2_20230429_073102_236.903.png","batch2, cropped, ind3","172",NA,2
"485","Gal2023_DJIMini2_20230429_073102_243.744-480.jpg","Gal2023_DJIMini2_20230429_073102_243.744.png","batch2, cropped, ind1","160","GAL2023_083",4
"486","Gal2023_DJIMini2_20230429_073102_257.424-483.jpg","Gal2023_DJIMini2_20230429_073102_257.424.png","batch2, cropped, ind1, male, top_stack","160","GAL2023_083",3
"487","Gal2023_DJIMini2_20230429_073102_257.424-484.jpg","Gal2023_DJIMini2_20230429_073102_257.424.png","batch2, cropped, ind3","172",NA,2
"488","Gal2023_DJIMini2_20230429_073102_263.997-485.jpg","Gal2023_DJIMini2_20230429_073102_263.997.png","batch2, cropped, ind1","160"," GAL2023_083",3
"489","Gal2023_DJIMini2_20230429_073102_263.997-486.jpg","Gal2023_DJIMini2_20230429_073102_263.997.png","batch2, cropped, ind3, top_stack","172",NA,2
"490","Gal2023_DJIMini2_20230429_073102_298.098-487.jpg","Gal2023_DJIMini2_20230429_073102_298.098.png","batch2, cropped, ind2","161",NA,2
"491","Gal2023_DJIMini2_20230429_073102_308.975-488.jpg","Gal2023_DJIMini2_20230429_073102_308.975.png","batch2, cropped, ind2","161",NA,2
"492","Gal2023_DJIMini2_20230429_085153_161.928-489.jpg","Gal2023_DJIMini2_20230429_085153_161.928.png","batch2, cropped, ind1","163","GAL2023_085",3
"493","Gal2023_DJIMini2_20230429_085153_161.928-490.jpg","Gal2023_DJIMini2_20230429_085153_161.928.png","batch2, cropped, ind2, top_stack","162","GAL2023_084",3
"494","Gal2023_DJIMini2_20230429_085153_173.373-491.jpg","Gal2023_DJIMini2_20230429_085153_173.373.png","batch2, cropped, ind2","162","GAL2023_084",3
"495","Gal2023_DJIMini2_20230429_085153_184.117-492.jpg","Gal2023_DJIMini2_20230429_085153_184.117.png","batch2, cropped, ind1, top_stack","163","GAL2023_085",3
"496","Gal2023_DJIMini2_20230429_085153_200.267-493.jpg","Gal2023_DJIMini2_20230429_085153_200.267.png","batch2, cropped, ind2","162","GAL2023_084",3
"497","Gal2023_DJIMini2_20230429_085153_216.083-494.jpg","Gal2023_DJIMini2_20230429_085153_216.083.png","batch2, cropped, ind1","163","GAL2023_085",3
"498","Gal2023_DJIMini2_20230429_154634_276.676-497.jpg","Gal2023_DJIMini2_20230429_154634_276.676.png","batch2, cropped, ind2","164","GAL2023_086",3
"499","Gal2023_DJIMini2_20230429_154634_291.625-495.jpg","Gal2023_DJIMini2_20230429_154634_291.625.png","batch2, cropped, ind1","163","GAL2023_087",4
"500","Gal2023_DJIMini2_20230429_154634_291.625-496.jpg","Gal2023_DJIMini2_20230429_154634_291.625.png","batch2, cropped, ind2, top_stack","164","GAL2023_086",4
"501","Gal2023_DJIMini2_20230429_154634_308.875-498.jpg","Gal2023_DJIMini2_20230429_154634_308.875.png","batch2, cropped, ind1","163","GAL2023_087",4
"502","Gal2023_DJIMini2_20230429_154634_325.659-499.jpg","Gal2023_DJIMini2_20230429_154634_325.659.png","batch2, cropped, ind1, top_stack","163","GAL2023_087",4
"503","Gal2023_DJIMini2_20230429_154634_325.659-500.jpg","Gal2023_DJIMini2_20230429_154634_325.659.png","batch2, cropped, ind2","164","GAL2023_086",3
"504","Gal2023_DJIMini2_20230429_170438_311.978-501.jpg","Gal2023_DJIMini2_20230429_170438_311.978.png","batch2, cropped, ind1","165","GAL2023_088",3
"505","Gal2023_DJIMini2_20230429_170438_316.349-502.jpg","Gal2023_DJIMini2_20230429_170438_316.349.png","batch2, cropped, ind1","165","GAL2023_088",3
"506","Gal2023_DJIMini2_20230429_170438_333.366-503.jpg","Gal2023_DJIMini2_20230429_170438_333.366.png","batch2, cropped, ind1, top_stack","165","GAL2023_088",3
"507","Gal2023_DJIMini2_20230430_081752_307.741-515.jpg","Gal2023_DJIMini2_20230430_081752_307.741.png","batch2, cropped, ind1","166","GAL2023_089",3
"508","Gal2023_DJIMini2_20230430_081752_320.353-516.jpg","Gal2023_DJIMini2_20230430_081752_320.353.png","batch2, cropped, ind1, top_stack","166","GAL2023_089",3
"509","Gal2023_DJIMini2_20230430_081752_325.192-517.jpg","Gal2023_DJIMini2_20230430_081752_325.192.png","batch2, cropped, ind1","166","GAL2023_089",2
"510","Gal2023_DJIMini2_20230430_152845_219.986-504.jpg","Gal2023_DJIMini2_20230430_152845_219.986.png","batch2, cropped, ind1","167","GAL2023_090",5
"511","Gal2023_DJIMini2_20230430_152845_234.601-505.jpg","Gal2023_DJIMini2_20230430_152845_234.601.png","batch2, cropped, ind1, top_stack","167","GAL2023_090",5
"512","Gal2023_DJIMini2_20230430_152845_242.509-506.jpg","Gal2023_DJIMini2_20230430_152845_242.509.png","batch2, cropped, ind1","167","GAL2023_090",3
"513","Gal2023_DJIMini2_20230430_152845_242.509-507.jpg","Gal2023_DJIMini2_20230430_152845_242.509.png","batch2, cropped, ind2","168","GAL2023_091",4
"514","Gal2023_DJIMini2_20230430_152845_248.281-508.jpg","Gal2023_DJIMini2_20230430_152845_248.281.png","batch2, cropped, ind2","168","GAL2023_091",4
"515","Gal2023_DJIMini2_20230430_152845_258.158-509.jpg","Gal2023_DJIMini2_20230430_152845_258.158.png","batch2, cropped, ind2, top_stack","168","GAL2023_091",4
"516","Gal2023_DJIMini2_20230430_152845_310.810-510.jpg","Gal2023_DJIMini2_20230430_152845_310.810.png","batch2, cropped, ind3, top_stack","169","GAL2023_092",4
"517","Gal2023_DJIMini2_20230430_152845_324.391-511.jpg","Gal2023_DJIMini2_20230430_152845_324.391.png","batch2, cropped, ind3","169","GAL2023_092",4
